ensemble_A\az_wikipedia_org_wiki_Basketbol;114.054245;47.501728;0 
ensemble_A\az_wikipedia_org_wiki_Beysbol;118.262520;48.738579;0 
ensemble_A\az_wikipedia_org_wiki_Kriket;113.634377;46.693237;0 
ensemble_A\az_wikipedia_org_wiki_K_C3_B6rlinq;101.373055;45.861874;0 
ensemble_A\az_wikipedia_org_wiki_Lakros;114.954865;46.740852;0 
ensemble_A\az_wikipedia_org_wiki_Marafon;115.205658;48.367638;0 
ensemble_A\az_wikipedia_org_wiki_Y_C3_BCng_C3_BCl_atletika;115.703560;48.761993;0 
ensemble_A\az_wikipedia_org_wiki__C3_87im_C9_99rlik_futbolu;114.093430;47.281033;0 
ensemble_A\az_wikipedia_org_wiki__C3_87im_C9_99rlik_voleybolu;112.530769;47.228291;0 
ensemble_A\bs_wikipedia_org_wiki_Atletika;98.992073;34.856251;0 
ensemble_A\bs_wikipedia_org_wiki_Bacanje_koplja;97.239731;36.267773;0 
ensemble_A\bs_wikipedia_org_wiki_Bejzbol;95.092201;35.839100;0 
ensemble_A\bs_wikipedia_org_wiki_Bendi;94.048859;36.184345;0 
ensemble_A\bs_wikipedia_org_wiki_Karling;94.122551;34.494606;0 
ensemble_A\bs_wikipedia_org_wiki_Ko_C5_A1arka;96.506714;35.930260;0 
ensemble_A\bs_wikipedia_org_wiki_Kriket;95.898872;34.932770;0 
ensemble_A\bs_wikipedia_org_wiki_Maraton;95.212608;34.706718;0 
ensemble_A\bs_wikipedia_org_wiki_Odbojka_na_pijesku;97.277695;35.613239;0 
ensemble_A\bs_wikipedia_org_wiki_Skok_u_dalj;86.597404;39.553150;0 
ensemble_A\bs_wikipedia_org_wiki_Skok_u_vis;98.009583;36.702560;0 
ensemble_A\bs_wikipedia_org_wiki_Troskok;94.413200;35.879604;0 
ensemble_A\de_wikipedia_org_wiki_Bandy__Sport_;93.498543;32.559998;0 
ensemble_A\de_wikipedia_org_wiki_Baseball;94.388527;32.328705;0 
ensemble_A\de_wikipedia_org_wiki_Basketball;94.495857;32.861855;0 
ensemble_A\de_wikipedia_org_wiki_Beachsoccer;94.231445;33.080151;0 
ensemble_A\de_wikipedia_org_wiki_Beachvolleyball;93.867714;31.587549;0 
ensemble_A\de_wikipedia_org_wiki_Broomball;94.974754;33.433964;0 
ensemble_A\de_wikipedia_org_wiki_Buzkaschi;94.661774;32.802883;0 
ensemble_A\de_wikipedia_org_wiki_Calcio_storico;94.405663;32.095444;0 
ensemble_A\de_wikipedia_org_wiki_Camogie;93.397141;33.719345;0 
ensemble_A\de_wikipedia_org_wiki_Cricket;94.193481;32.176319;0 
ensemble_A\de_wikipedia_org_wiki_Curling;94.425728;32.219200;0 
ensemble_A\de_wikipedia_org_wiki_Diskuswurf;94.886833;33.475044;0 
ensemble_A\de_wikipedia_org_wiki_Dreisprung;94.683945;35.092449;0 
ensemble_A\de_wikipedia_org_wiki_Hammerwurf;94.081718;36.161392;0 
ensemble_A\de_wikipedia_org_wiki_Hochsprung;95.511597;35.149536;0 
ensemble_A\de_wikipedia_org_wiki_H_C3_BCrdenlauf;96.867455;35.879345;0 
ensemble_A\de_wikipedia_org_wiki_Kugelsto_C3_9Fen;94.623848;33.719738;0 
ensemble_A\de_wikipedia_org_wiki_Lacrosse;94.062469;32.324959;0 
ensemble_A\de_wikipedia_org_wiki_Langstreckenlauf;94.038246;33.679886;0 
ensemble_A\de_wikipedia_org_wiki_Leichtathletik;95.147942;33.424801;0 
ensemble_A\de_wikipedia_org_wiki_Mannschaftssport;96.279991;30.828804;0 
ensemble_A\de_wikipedia_org_wiki_Marathonlauf;95.568008;32.881351;0 
ensemble_A\de_wikipedia_org_wiki_Mittelstreckenlauf;92.970589;32.304794;0 
ensemble_A\de_wikipedia_org_wiki_Siebenkampf;93.749908;35.919518;0 
ensemble_A\de_wikipedia_org_wiki_Speerwurf;94.062180;33.630756;0 
ensemble_A\de_wikipedia_org_wiki_Sprint;94.538391;32.545979;0 
ensemble_A\de_wikipedia_org_wiki_Stabhochsprung;95.224503;34.825859;0 
ensemble_A\de_wikipedia_org_wiki_Staffellauf;92.995255;33.115585;0 
ensemble_A\de_wikipedia_org_wiki_Tamburello;93.671677;31.309097;0 
ensemble_A\de_wikipedia_org_wiki_V_C3_B6lkerball;95.149193;32.470985;0 
ensemble_A\de_wikipedia_org_wiki_Weitsprung;95.241287;33.424686;0 
ensemble_A\en_wikipedia_org_wiki_Bandy;91.780006;32.257465;0 
ensemble_A\en_wikipedia_org_wiki_Baseball;91.734451;30.550188;0 
ensemble_A\en_wikipedia_org_wiki_Basketball;91.450340;30.895676;0 
ensemble_A\en_wikipedia_org_wiki_Beach_soccer;91.476868;30.585897;0 
ensemble_A\en_wikipedia_org_wiki_Beach_volleyball;91.383316;31.035500;0 
ensemble_A\en_wikipedia_org_wiki_Broomball;92.233719;29.985979;0 
ensemble_A\en_wikipedia_org_wiki_Buzkashi;91.328491;30.560019;0 
ensemble_A\en_wikipedia_org_wiki_Calcio_Fiorentino;90.426796;32.251156;0 
ensemble_A\en_wikipedia_org_wiki_Camogie;91.627167;33.246716;0 
ensemble_A\en_wikipedia_org_wiki_Cricket;91.342018;31.039032;0 
ensemble_A\en_wikipedia_org_wiki_Curling;91.573868;31.002789;0 
ensemble_A\en_wikipedia_org_wiki_Decathlon;91.873543;31.670294;0 
ensemble_A\en_wikipedia_org_wiki_Discus_throw;91.761940;32.450676;0 
ensemble_A\en_wikipedia_org_wiki_Hammer_throw;92.182648;32.810207;0 
ensemble_A\en_wikipedia_org_wiki_High_jump;92.339249;32.492908;0 
ensemble_A\en_wikipedia_org_wiki_Hurdling;91.828644;31.532108;0 
ensemble_A\en_wikipedia_org_wiki_Javelin_throw;91.981934;32.132015;0 
ensemble_A\en_wikipedia_org_wiki_Lacrosse;90.809982;31.135975;0 
ensemble_A\en_wikipedia_org_wiki_Long_distance_running;92.871979;30.450909;0 
ensemble_A\en_wikipedia_org_wiki_Long_jump;92.600288;31.460728;0 
ensemble_A\en_wikipedia_org_wiki_Marathon;91.022354;31.087803;0 
ensemble_A\en_wikipedia_org_wiki_Pole_vault;92.488403;30.722126;0 
ensemble_A\en_wikipedia_org_wiki_Prisonball;91.279320;31.130554;0 
ensemble_A\en_wikipedia_org_wiki_Relay_race;91.129555;31.587208;0 
ensemble_A\en_wikipedia_org_wiki_Shot_put;92.646645;31.826506;0 
ensemble_A\en_wikipedia_org_wiki_Sport_of_athletics;93.032036;30.408474;0 
ensemble_A\en_wikipedia_org_wiki_Sprint__running_;91.689720;31.362638;0 
ensemble_A\en_wikipedia_org_wiki_Tamburello;91.297455;31.175989;0 
ensemble_A\en_wikipedia_org_wiki_Team_sport;92.216797;30.627993;0 
ensemble_A\en_wikipedia_org_wiki_Triple_jump;91.475189;31.474203;0 
ensemble_A\en_wikipedia_org_wiki_Walking;92.277771;30.402145;0 
ensemble_A\es_wikipedia_org_wiki_Atletismo;94.455917;34.389935;0 
ensemble_A\es_wikipedia_org_wiki_Baloncesto;94.379715;34.544064;0 
ensemble_A\es_wikipedia_org_wiki_Bal_C3_B3n_prisionero;94.672607;34.553600;0 
ensemble_A\es_wikipedia_org_wiki_Bandy;97.218643;36.499485;0 
ensemble_A\es_wikipedia_org_wiki_Broomball;92.796280;32.302769;0 
ensemble_A\es_wikipedia_org_wiki_Buzkashi;93.666862;32.977982;0 
ensemble_A\es_wikipedia_org_wiki_B_C3_A9isbol;93.983902;34.386795;0 
ensemble_A\es_wikipedia_org_wiki_Calcio_florentino;93.678764;35.195202;0 
ensemble_A\es_wikipedia_org_wiki_Camogie;94.874634;36.032055;0 
ensemble_A\es_wikipedia_org_wiki_Carreras_de_media_distancia;91.069099;34.069389;0 
ensemble_A\es_wikipedia_org_wiki_Carreras_de_relevos;94.167015;35.707481;0 
ensemble_A\es_wikipedia_org_wiki_Carreras_de_vallas;93.125473;34.269920;0 
ensemble_A\es_wikipedia_org_wiki_Carrera_de_larga_distancia;95.089554;36.441135;0 
ensemble_A\es_wikipedia_org_wiki_Carrera_de_velocidad;94.091965;33.138466;0 
ensemble_A\es_wikipedia_org_wiki_Cr_C3_ADquet;93.052887;33.962589;0 
ensemble_A\es_wikipedia_org_wiki_Curling;92.127663;33.975700;0 
ensemble_A\es_wikipedia_org_wiki_Decatl_C3_B3n;94.475037;34.363323;0 
ensemble_A\es_wikipedia_org_wiki_Deporte_de_equipo;93.620308;30.846586;0 
ensemble_A\es_wikipedia_org_wiki_F_C3_BAtbol_playa;94.788071;34.538956;0 
ensemble_A\es_wikipedia_org_wiki_Heptatl_C3_B3n;93.224487;35.448238;0 
ensemble_A\es_wikipedia_org_wiki_Lacrosse;93.597031;33.532139;0 
ensemble_A\es_wikipedia_org_wiki_Lanzamiento_de_bala;91.471802;35.344597;0 
ensemble_A\es_wikipedia_org_wiki_Lanzamiento_de_disco;92.920708;35.744267;0 
ensemble_A\es_wikipedia_org_wiki_Lanzamiento_de_jabalina;93.977142;34.000637;0 
ensemble_A\es_wikipedia_org_wiki_Lanzamiento_de_martillo;93.709091;37.760056;0 
ensemble_A\es_wikipedia_org_wiki_Marat_C3_B3n;95.151573;35.961445;0 
ensemble_A\es_wikipedia_org_wiki_Salto_con_p_C3_A9rtiga;93.334076;36.218433;0 
ensemble_A\es_wikipedia_org_wiki_Salto_de_altura;92.601692;34.613052;0 
ensemble_A\es_wikipedia_org_wiki_Salto_de_longitud;93.645676;34.386036;0 
ensemble_A\es_wikipedia_org_wiki_Tamburello__deporte_;93.685921;34.080593;0 
ensemble_A\es_wikipedia_org_wiki_Triple_salto;92.208305;35.004791;0 
ensemble_A\es_wikipedia_org_wiki_Voleibol_de_playa;94.508194;33.789463;0 
ensemble_A\eu_wikipedia_org_wiki_Hondartza_bolei.rar;111.987923;73.047562;1 
ensemble_A\eu_wikipedia_org_wiki_Jauzi_hirukoitz.rar;112.982643;70.691559;1 
ensemble_A\eu_wikipedia_org_wiki_Kriket.rar;121.415833;74.717583;1 
ensemble_A\eu_wikipedia_org_wiki_Lacrosse.rar;117.320000;76.460464;1 
ensemble_A\eu_wikipedia_org_wiki_Luzera_jauzi.rar;114.064590;71.682480;1 
ensemble_A\eu_wikipedia_org_wiki_Mailu_jaurtiketa.rar;117.614494;74.851761;1 
ensemble_A\eu_wikipedia_org_wiki_Maratoi.rar;118.009918;76.456566;1 
ensemble_A\eu_wikipedia_org_wiki_Saskibaloi.rar;118.875816;73.828842;1 
ensemble_A\eu_wikipedia_org_wiki_Xabalina_jaurtiketa.rar;118.571426;74.715500;1 
ensemble_A\ext_wikipedia_org_wiki_Cr_C3_ADquet.rar;117.191864;73.117935;1 
ensemble_A\fa_text_1;168.412598;58.848507;1 
ensemble_A\fa_text_10;168.541077;59.204266;1 
ensemble_A\fa_text_2;168.356857;59.181599;1 
ensemble_A\fa_text_3;168.299438;59.419643;1 
ensemble_A\fa_text_4;166.845963;60.855618;1 
ensemble_A\fa_text_5;168.602371;58.974083;1 
ensemble_A\fa_text_6;168.412659;59.260662;1 
ensemble_A\fa_text_7;168.013626;59.702724;1 
ensemble_A\fa_text_8;168.228638;59.618073;1 
ensemble_A\fa_text_9;168.975952;59.005089;1 
ensemble_A\fa_wikipedia_org_wiki__D8_A8_D8_A7_D9_86_D8_AF_DB_8C.rar;113.604919;73.577423;1 
ensemble_A\fa_wikipedia_org_wiki__D8_A8_D8_B1_D9_88_D9_85_D8_A8_D8_A7_D9_84.rar;110.071426;72.035027;2 
ensemble_A\fa_wikipedia_org_wiki__D8_A8_D8_B2_DA_A9_D8_B4_DB_8C.rar;121.485931;73.712784;1 
ensemble_A\fa_wikipedia_org_wiki__D8_A8_D8_B3_DA_A9_D8_AA_D8_A8_D8_A7_D9_84.rar;127.413078;74.019775;1 
ensemble_A\fa_wikipedia_org_wiki__D8_A8_DB_8C_D8_B3_D8_A8_D8_A7_D9_84.rar;124.234505;74.449257;1 
ensemble_A\fa_wikipedia_org_wiki__D8_AF_D9_87_DA_AF_D8_A7_D9_86_D9_87.rar;121.028145;74.668167;1 
ensemble_A\fa_wikipedia_org_wiki__D8_AF_D9_88__D8_A7_D8_B3_D8_AA_D9_82_D8_A7_D9_85_D8_AA.rar;121.324249;73.391396;1 
ensemble_A\fa_wikipedia_org_wiki__D8_AF_D9_88__D8_A8_D8_A7__D9_85_D8_A7_D9_86_D8_B9.rar;120.256111;74.124763;1 
ensemble_A\fa_wikipedia_org_wiki__D8_AF_D9_88__D8_B3_D8_B1_D8_B9_D8_AA.rar;120.143089;73.282295;1 
ensemble_A\fi_wikipedia_org_wiki_Aitajuoksu.7z;118.713364;77.694839;1 
ensemble_A\fi_wikipedia_org_wiki_Baseball.7z;123.557785;75.374222;1 
ensemble_A\fi_wikipedia_org_wiki_Beachfutis.7z;119.452919;78.032295;1 
ensemble_A\fi_wikipedia_org_wiki_Buzkashi.7z;116.301208;76.705551;1 
ensemble_A\fi_wikipedia_org_wiki_Camogie.7z;112.528206;78.667191;1 
ensemble_A\fi_wikipedia_org_wiki_Curling.7z;124.922379;75.158272;1 
ensemble_A\fi_wikipedia_org_wiki_Haavipallo.7z;117.281525;76.964211;1 
ensemble_A\fi_wikipedia_org_wiki_Joukkuepeli.7z;107.758514;80.378937;2 
ensemble_A\fi_wikipedia_org_wiki_J_C3_A4_C3_A4pallo.7z;127.217941;74.247543;1 
ensemble_A\fi_wikipedia_org_wiki_Keih_C3_A4_C3_A4nheitto.7z;122.046066;76.371178;1 
ensemble_A\fi_wikipedia_org_wiki_Keskipitk_C3_A4n_matkan_juoksu.7z;97.187126;77.615540;2 
ensemble_A\fi_wikipedia_org_wiki_Kest_C3_A4vyysjuoksu.7z;107.904213;78.183075;2 
ensemble_A\fi_wikipedia_org_wiki_Kiekonheitto.7z;120.383141;76.531830;1 
ensemble_A\fi_wikipedia_org_wiki_Kolmiloikka.7z;122.047134;75.882385;1 
ensemble_A\fi_wikipedia_org_wiki_Koripallo.7z;123.327690;75.431030;1 
ensemble_A\fi_wikipedia_org_wiki_Korkeushyppy.7z;126.036530;74.436600;1 
ensemble_A\fi_wikipedia_org_wiki_Kriketti.7z;125.311806;74.277336;1 
ensemble_A\fi_wikipedia_org_wiki_Kuulanty_C3_B6nt_C3_B6.7z;121.136566;76.264786;1 
ensemble_A\fi_wikipedia_org_wiki_Kymmenottelu.7z;120.860786;76.011108;1 
ensemble_A\fi_wikipedia_org_wiki_K_C3_A4vely.7z;111.640503;77.929497;1 
ensemble_A\fi_wikipedia_org_wiki_Luutapallo.7z;119.965286;77.679565;1 
ensemble_A\fi_wikipedia_org_wiki_Maraton.7z;125.387100;75.126740;1 
ensemble_A\fi_wikipedia_org_wiki_Moukarinheitto.7z;113.913734;78.067474;1 
ensemble_A\fi_wikipedia_org_wiki_Pituushyppy.7z;122.724846;75.928085;1 
ensemble_A\fi_wikipedia_org_wiki_Polttopallo.7z;113.869232;77.554924;1 
ensemble_A\fi_wikipedia_org_wiki_Rantalentopallo.7z;119.332291;76.445778;1 
ensemble_A\fi_wikipedia_org_wiki_Seitsenottelu.7z;118.257294;78.976379;1 
ensemble_A\fi_wikipedia_org_wiki_Seiv_C3_A4shyppy.7z;123.974236;75.907249;1 
ensemble_A\fi_wikipedia_org_wiki_Viestikilpailu.7z;99.791870;80.790245;2 
ensemble_A\frp_wikipedia_org_wiki_Cal_C3_A7o_fllorentin.gpg;127.664780;73.920250;1 
ensemble_A\fr_wikipedia_org_wiki_Rallye_automobile.gpg;128.019821;73.711906;1 
ensemble_A\fr_wikipedia_org_wiki_Rallye_raid.gpg;129.568924;74.715431;1 
ensemble_A\fr_wikipedia_org_wiki_Randonn_C3_A9e_p_C3_A9destre.gpg;127.565063;73.459656;1 
ensemble_A\fr_wikipedia_org_wiki_Ringuette.gpg;127.769936;73.411949;1 
ensemble_A\fr_wikipedia_org_wiki_Rink_hockey.gpg;126.836006;74.220802;1 
ensemble_A\fr_wikipedia_org_wiki_Rod_C3_A9o.gpg;126.709000;73.871971;1 
ensemble_A\fr_wikipedia_org_wiki_Rod_C3_A9o_chilien.gpg;120.061867;75.442261;1 
ensemble_A\fr_wikipedia_org_wiki_Rollersoccer.gpg;128.867950;73.904594;1 
ensemble_A\fr_wikipedia_org_wiki_Roller_derby.gpg;126.724121;74.048203;1 
ensemble_A\fr_wikipedia_org_wiki_Roller_in_line_hockey.gpg;130.061508;74.804253;1 
ensemble_A\fr_wikipedia_org_wiki_Rounders.gpg;130.049591;74.283325;1 
ensemble_A\fr_wikipedia_org_wiki_Rugby__C3_A0_sept.gpg;126.073372;74.129921;1 
ensemble_A\fr_wikipedia_org_wiki_Rugby__C3_A0_XIII.gpg;126.606583;74.590515;1 
ensemble_A\fr_wikipedia_org_wiki_Speedcubing.gpg;124.966309;74.356873;1 
ensemble_A\fr_wikipedia_org_wiki_Speedway__moto_.gpg;131.114975;76.057884;1 
ensemble_A\fr_wikipedia_org_wiki_Speed_Badminton.gpg;127.901047;74.013855;1 
ensemble_A\fr_wikipedia_org_wiki_Speed_ball.gpg;127.104362;74.226982;1 
ensemble_A\fr_wikipedia_org_wiki_Sports_nautiques.gpg;130.687958;73.882309;1 
ensemble_A\fr_wikipedia_org_wiki_Sports__C3_A9questres.gpg;128.837860;74.098267;1 
ensemble_A\fr_wikipedia_org_wiki_Sport_boule.gpg;127.588547;74.051277;1 
ensemble_A\fr_wikipedia_org_wiki_Sport_chanbara.gpg;128.638824;73.572350;1 
ensemble_A\fr_wikipedia_org_wiki_Sport_collectif.gpg;125.377655;75.809074;1 
ensemble_A\fr_wikipedia_org_wiki_Sport_de_combat.gpg;128.473175;73.516235;1 
ensemble_A\fr_wikipedia_org_wiki_Sport_hippique.gpg;126.872696;74.334984;1 
ensemble_A\fr_wikipedia_org_wiki_Sport_m_C3_A9canique.gpg;124.024521;74.073723;1 
ensemble_A\fr_wikipedia_org_wiki_Sport_stacking.gpg;126.241974;74.412315;1 
ensemble_A\fr_wikipedia_org_wiki_Sport__C3_A9lectronique.gpg;126.688240;74.354156;1 
ensemble_A\fr_wikipedia_org_wiki_Sprint__athl_C3_A9tisme_.gpg;128.731064;73.590591;1 
ensemble_A\fr_wikipedia_org_wiki_Squash.gpg;126.816025;74.218582;1 
ensemble_A\fr_wikipedia_org_wiki_Ssirum.gpg;126.855553;73.145248;1 
ensemble_A\fr_wikipedia_org_wiki_Stoolball.gpg;126.624207;72.695824;1 
ensemble_A\fr_wikipedia_org_wiki_Streetboard.gpg;125.594185;74.937553;1 
ensemble_A\fr_wikipedia_org_wiki_Street_hockey.gpg;127.666473;72.959465;1 
ensemble_A\fr_wikipedia_org_wiki_Stunt;98.712448;38.088467;0 
ensemble_A\fr_wikipedia_org_wiki_Sumo;98.835770;39.900860;0 
ensemble_A\fr_wikipedia_org_wiki_Supermotard;97.733887;38.499886;0 
ensemble_A\fr_wikipedia_org_wiki_Surf;96.406807;36.472122;0 
ensemble_A\fr_wikipedia_org_wiki_Tai_chi_chuan;98.611031;38.985394;0 
ensemble_A\fr_wikipedia_org_wiki_Tchoukball;97.694069;37.200809;0 
ensemble_A\fr_wikipedia_org_wiki_Tennis.gpg;127.764160;74.039558;1 
ensemble_A\fr_wikipedia_org_wiki_T_C3_A9l_C3_A9mark;98.124725;38.782162;0 
ensemble_A\fr_wikipedia_org_wiki_Ultra_trail.gpg;128.756027;76.281212;1 
ensemble_A\fr_wikipedia_org_wiki_Unifight.gpg;128.680984;73.850670;1 
ensemble_A\fr_wikipedia_org_wiki_Unihockey.gpg;126.475220;74.057999;1 
ensemble_A\fr_wikipedia_org_wiki_Viet_vo_dao.gpg;127.722984;74.116486;1 
ensemble_A\fr_wikipedia_org_wiki_Vigoro.gpg;125.166458;77.441582;1 
ensemble_A\fr_wikipedia_org_wiki_Vitesse_moto.gpg;121.788033;71.337982;1 
ensemble_A\fr_wikipedia_org_wiki_Voile_sur_glace.gpg;125.754906;74.327263;1 
ensemble_A\fr_wikipedia_org_wiki_Volata.gpg;125.333336;75.229561;1 
ensemble_A\fr_wikipedia_org_wiki_Volley_ball.gpg;127.745613;74.265160;1 
ensemble_A\fr_wikipedia_org_wiki_Voltige_a_C3_A9rienne.gpg;125.489967;73.756912;1 
ensemble_A\fr_wikipedia_org_wiki_Voltige_en_Cercle.gpg;126.821114;75.152893;1 
ensemble_A\fr_wikipedia_org_wiki_Vol_libre.gpg;123.008324;73.791351;1 
ensemble_A\fr_wikipedia_org_wiki_Vol__C3_A0_voile.gpg;125.937782;74.406273;1 
ensemble_A\fr_wikipedia_org_wiki_V_C3_A9lo_tout_terrain.gpg;126.538498;73.907890;1 
ensemble_A\fr_wikipedia_org_wiki_Wakeboard.gpg;125.909035;73.934853;1 
ensemble_A\fr_wikipedia_org_wiki_Water_polo.gpg;126.042389;73.991776;1 
ensemble_A\fr_wikipedia_org_wiki_WTCC.gpg;127.362106;73.924263;1 
ensemble_A\fr_wikipedia_org_wiki_Wushu__sport_.gpg;126.552322;73.315796;1 
ensemble_A\fur_wikipedia_org_wiki_Bale_tal_zei.gpg;126.680206;74.091072;1 
ensemble_A\fy_wikipedia_org_wiki_Atletyk.gpg;126.146629;73.801346;1 
ensemble_A\fy_wikipedia_org_wiki_Bandy.gpg;131.839630;74.402306;1 
ensemble_A\fy_wikipedia_org_wiki_Basketbal.gpg;125.125275;76.264648;1 
ensemble_A\fy_wikipedia_org_wiki_Honkbal.gpg;128.516342;75.818375;1 
ensemble_A\fy_wikipedia_org_wiki_Krikket.gpg;123.333908;73.191422;1 
ensemble_A\fy_wikipedia_org_wiki_Maraton.gpg;128.584000;73.035172;1 
ensemble_A\fy_wikipedia_org_wiki_Str_C3_A2nfollybal.gpg;125.511765;75.297249;1 
ensemble_A\gan_wikipedia_org_wiki__E7_94_B0_E5_BE_91.gpg;127.602173;74.385445;1 
ensemble_A\ga_wikipedia_org_wiki_Cam_C3_B3ga_C3_ADocht.gpg;126.379593;73.845436;1 
ensemble_A\ga_wikipedia_org_wiki_Cispheil.gpg;127.558052;74.683754;1 
ensemble_A\ga_wikipedia_org_wiki_Cros_C3_B3ga_C3_ADocht.gpg;128.220779;75.169952;1 
ensemble_A\ga_wikipedia_org_wiki_Cruic_C3_A9ad.gpg;125.794060;73.916168;1 
ensemble_A\ga_wikipedia_org_wiki_Daorchluiche.gpg;125.826859;72.914017;1 
ensemble_A\ga_wikipedia_org_wiki_L_C3_BAthchleasa_C3_ADocht.gpg;126.720367;74.766167;1 
ensemble_A\ga_wikipedia_org_wiki_Marat_C3_B3n.gpg;123.570503;74.774536;1 
ensemble_A\gd_wikipedia_org_wiki_Ball_basgaid.gpg;128.934006;73.569542;1 
ensemble_A\gd_wikipedia_org_wiki_Ball_st_C3_A8idhe.gpg;126.729675;75.359421;1 
ensemble_A\gd_wikipedia_org_wiki_Cam_C3_B3ga_C3_ADocht.gpg;128.715637;76.883598;1 
ensemble_A\gd_wikipedia_org_wiki_Coiseachd.gpg;129.864334;74.361794;1 
ensemble_A\gd_wikipedia_org_wiki_Criogaid.gpg;127.357780;74.562630;1 
ensemble_A\gd_wikipedia_org_wiki_Crolaidh.gpg;136.400894;74.115204;1 
ensemble_A\gd_wikipedia_org_wiki_Lacrosse.gpg;126.500000;76.979790;1 
ensemble_A\gd_wikipedia_org_wiki_Sp_C3_B2rs_bhuidheann.gpg;127.216217;75.177002;1 
ensemble_A\gl_wikipedia_org_wiki_Atletismo.gpg;128.494263;73.972290;1 
ensemble_A\gl_wikipedia_org_wiki_Baloncesto.gpg;125.276329;72.982361;1 
ensemble_A\gl_wikipedia_org_wiki_Bandy.gpg;125.692162;73.032501;1 
ensemble_A\gl_wikipedia_org_wiki_B_C3_A9isbol.gpg;127.017197;74.268112;1 
ensemble_A\gl_wikipedia_org_wiki_Cr_C3_ADcket.gpg;126.725372;75.431107;1 
ensemble_A\gl_wikipedia_org_wiki_Curling.gpg;125.757011;75.070503;1 
ensemble_A\gl_wikipedia_org_wiki_D_C3_A9catlon.gpg;126.460648;73.998703;1 
ensemble_A\gl_wikipedia_org_wiki_F_C3_BAtbol_praia.gpg;129.716202;74.729446;1 
ensemble_A\gl_wikipedia_org_wiki_H_C3_A9ptatlon.gpg;128.739517;75.261009;1 
ensemble_A\gl_wikipedia_org_wiki_Lanzamento_de_disco.gpg;125.508507;72.930687;1 
ensemble_A\gl_wikipedia_org_wiki_Marat_C3_B3n__atletismo_.gpg;126.585876;73.664116;1 
ensemble_A\gl_wikipedia_org_wiki_Salto_de_altura.gpg;130.331024;73.817474;1 
ensemble_A\gl_wikipedia_org_wiki_Salto_de_lonxitude.gpg;128.367691;74.559830;1 
ensemble_A\gl_wikipedia_org_wiki_Triplo_salto.gpg;127.762543;75.022972;1 
ensemble_A\gl_wikipedia_org_wiki_Volei_de_praia.gpg;125.787598;73.880859;1 
ensemble_A\he_wikipedia_org_wiki__D7_A7_D7_A8_D7_91__D7_A9_D7_91_D7_A2.gpg;128.920044;74.438232;1 
ensemble_A\he_wikipedia_org_wiki__D7_A7_D7_A8_D7_99_D7_A7_D7_98.gpg;127.918045;73.772812;1 
ensemble_A\hif_wikipedia_org_wiki_Athletics.gpg;124.974358;73.560081;1 
ensemble_A\hif_wikipedia_org_wiki_Baseball.gpg;124.451614;75.137962;1 
ensemble_A\hif_wikipedia_org_wiki_Basketball.gpg;124.014778;73.114586;1 
ensemble_A\hif_wikipedia_org_wiki_Cricket.gpg;130.997131;72.007111;1 
ensemble_A\hr_wikipedia_org_wiki_Atletika.gpg;129.685852;74.029099;1 
ensemble_A\hr_wikipedia_org_wiki_Bacanje_diska.gpg;124.263863;75.113319;1 
ensemble_A\hr_wikipedia_org_wiki_Bacanje_kladiva.gpg;126.935600;74.125900;1 
ensemble_A\hr_wikipedia_org_wiki_Bacanje_koplja.gpg;128.569595;73.815369;1 
ensemble_A\hr_wikipedia_org_wiki_Bacanje_kugle.gpg;128.325836;74.087463;1 
ensemble_A\hr_wikipedia_org_wiki_Bejzbol.gpg;127.553185;73.669044;1 
ensemble_A\hr_wikipedia_org_wiki_Bendi.gpg;127.427910;74.957253;1 
ensemble_A\hr_wikipedia_org_wiki_Curling.gpg;129.255280;74.662857;1 
ensemble_A\hr_wikipedia_org_wiki_Desetoboj.gpg;127.172386;74.984879;1 
ensemble_A\hr_wikipedia_org_wiki_Grani_C4_8Dar__igra_.gpg;125.589333;75.634331;1 
ensemble_A\hr_wikipedia_org_wiki_Ko_C5_A1arka.gpg;127.497330;74.078491;1 
ensemble_A\hr_wikipedia_org_wiki_Kriket.gpg;126.877846;73.165146;1 
ensemble_A\hr_wikipedia_org_wiki_Lacrosse.gpg;129.271317;73.409805;1 
ensemble_A\hr_wikipedia_org_wiki_Maraton.gpg;127.935913;73.988632;1 
ensemble_A\hr_wikipedia_org_wiki_Nogomet_na_pijesku.gpg;124.929962;75.461891;1 
ensemble_A\hr_wikipedia_org_wiki_Odbojka_na_pijesku.gpg;127.265709;74.413139;1 
ensemble_A\hr_wikipedia_org_wiki_Sedmoboj.gpg;124.618584;74.456635;1 
ensemble_A\hr_wikipedia_org_wiki_Skok_s_motkom.gpg;126.841240;73.375229;1 
ensemble_A\hr_wikipedia_org_wiki_Skok_u_dalj.gpg;128.061249;76.573654;1 
ensemble_A\hr_wikipedia_org_wiki_Skok_u_vis.gpg;127.302513;75.297966;1 
ensemble_A\hr_wikipedia_org_wiki_Troskok.gpg;128.765274;73.632965;1 
ensemble_A\ht_wikipedia_org_wiki_Atletis.gpg;119.601120;74.550407;1 
ensemble_A\ht_wikipedia_org_wiki_Bask_C3_A8tb_C3_B2l.gpg;125.531853;76.142090;1 
ensemble_A\ht_wikipedia_org_wiki_B_C3_A8zb_C3_B2l.gpg;123.053070;77.533775;1 
ensemble_A\ht_wikipedia_org_wiki_Lanse_javlo.gpg;130.752090;74.937668;1 
ensemble_A\ht_wikipedia_org_wiki_Maraton.gpg;124.388733;72.375816;1 
ensemble_A\ht_wikipedia_org_wiki_So_an_long_C3_A8.gpg;126.375694;73.023674;1 
ensemble_A\ht_wikipedia_org_wiki_So_an_wot_C3_A8.gpg;130.675903;74.086052;1 
ensemble_A\ht_wikipedia_org_wiki_Trip_so.gpg;121.477531;76.206757;1 
ensemble_A\hu_wikipedia_org_wiki_Kalap_C3_A1csvet_C3_A9s.gpg;126.507103;73.059853;1 
ensemble_A\hu_wikipedia_org_wiki_Kos_C3_A1rlabda.gpg;129.711853;73.890717;1 
ensemble_A\hu_wikipedia_org_wiki_Krikett.gpg;127.860626;74.051674;1 
ensemble_A\hu_wikipedia_org_wiki_Lacrosse.gpg;128.412170;74.571762;1 
ensemble_A\hu_wikipedia_org_wiki_Magasugr_C3_A1s.gpg;130.022705;74.145828;1 
ensemble_A\hu_wikipedia_org_wiki_Maraton.gpg;125.622787;73.906136;1 
ensemble_A\hu_wikipedia_org_wiki_R_C3_BAdugr_C3_A1s.gpg;124.607399;74.638481;1 
ensemble_A\hu_wikipedia_org_wiki_Strandr_C3_B6plabda.gpg;127.408600;75.608353;1 
ensemble_A\hu_wikipedia_org_wiki_S_C3_BAlyl_C3_B6k_C3_A9s.gpg;128.338577;72.835022;1 
ensemble_A\hu_wikipedia_org_wiki_Tamburello.gpg;128.335251;73.445335;1 
ensemble_A\hu_wikipedia_org_wiki_T_C3_A1volugr_C3_A1s.gpg;129.004669;75.237656;1 
ensemble_A\hu_wikipedia_org_wiki_T_C3_ADzpr_C3_B3ba.gpg;125.758965;73.290794;1 
ensemble_A\ia_wikipedia_org_wiki_Basketball.gpg;126.160065;72.203560;1 
ensemble_A\ia_wikipedia_org_wiki_Cricket.gpg;125.164703;75.008080;1 
ensemble_A\id_wikipedia_org_wiki_Atletik.gpg;127.066269;74.297920;1 
ensemble_A\id_wikipedia_org_wiki_Bisbol.gpg;127.077202;74.306885;1 
ensemble_A\id_wikipedia_org_wiki_Bola_basket.gpg;127.477097;74.450706;1 
ensemble_A\id_wikipedia_org_wiki_Curling.gpg;128.139252;74.565186;1 
ensemble_A\id_wikipedia_org_wiki_Dodgeball.gpg;124.733971;73.086632;1 
ensemble_A\id_wikipedia_org_wiki_Estafet.gpg;131.412308;73.908813;1 
ensemble_A\id_wikipedia_org_wiki_Kriket.gpg;127.183777;72.871658;1 
ensemble_A\id_wikipedia_org_wiki_Lacrosse.gpg;122.745094;74.922264;1 
ensemble_A\id_wikipedia_org_wiki_Lari_cepat.gpg;128.127548;74.964790;1 
ensemble_A\id_wikipedia_org_wiki_Lempar_cakram.gpg;128.119614;75.572495;1 
ensemble_A\id_wikipedia_org_wiki_Lempar_lembing.gpg;127.060066;77.187126;1 
ensemble_A\id_wikipedia_org_wiki_Lompat_tinggi.gpg;123.598335;73.651772;1 
ensemble_A\id_wikipedia_org_wiki_Maraton.gpg;124.507225;74.729385;1 
ensemble_A\id_wikipedia_org_wiki_Sepak_bola_pantai.gpg;127.566772;74.975594;1 
ensemble_A\id_wikipedia_org_wiki_Tolak_peluru.gpg;122.557793;73.064178;1 
ensemble_A\id_wikipedia_org_wiki_Voli_pantai.gpg;127.145859;74.199379;1 
ensemble_A\ie_wikipedia_org_wiki_Athletica.gpg;122.634842;75.102577;1 
ensemble_A\ie_wikipedia_org_wiki_Basketball.gpg;127.846886;74.549126;1 
ensemble_A\ilo_wikipedia_org_wiki_Basketbol.gpg;122.130432;76.646004;1 
ensemble_A\ilo_wikipedia_org_wiki_Kriket.gpg;125.562813;71.401634;1 
ensemble_A\io_wikipedia_org_wiki_Basbalo.gpg;128.783707;73.978569;1 
ensemble_A\io_wikipedia_org_wiki_Basketbalo.gpg;129.330643;76.147339;1 
ensemble_A\io_wikipedia_org_wiki_Kriketo.gpg;126.279793;70.879005;1 
ensemble_A\io_wikipedia_org_wiki_Maratono.gpg;127.498131;75.341705;1 
ensemble_A\is_wikipedia_org_wiki_Bandy.gpg;125.218895;72.529190;1 
ensemble_A\is_wikipedia_org_wiki_Bo_C3_B0hlaup.gpg;122.079437;74.169533;1 
ensemble_A\is_wikipedia_org_wiki_Frj_C3_A1lsar__C3_AD_C3_BEr_C3_B3ttir.gpg;125.500000;74.575027;1 
ensemble_A\is_wikipedia_org_wiki_Ganga.gpg;126.866440;75.434372;1 
ensemble_A\is_wikipedia_org_wiki_Grindahlaup.gpg;123.346153;75.596222;1 
ensemble_A\is_wikipedia_org_wiki_Hafnabolti.gpg;126.578285;73.727654;1 
ensemble_A\is_wikipedia_org_wiki_H_C3_A1fleikur.gpg;126.974533;74.338112;1 
ensemble_A\is_wikipedia_org_wiki_H_C3_A1st_C3_B6kk.gpg;124.411888;76.268898;1 
ensemble_A\is_wikipedia_org_wiki_H_C3_B3p_C3_AD_C3_BEr_C3_B3tt.gpg;119.185265;73.387344;1 
ensemble_A\is_wikipedia_org_wiki_Krikket.gpg;125.828758;73.215637;1 
ensemble_A\is_wikipedia_org_wiki_Krulla.gpg;126.340569;75.049477;1 
ensemble_A\is_wikipedia_org_wiki_K_C3_B6rfuknattleikur.gpg;128.320541;74.512383;1 
ensemble_A\is_wikipedia_org_wiki_Langst_C3_B6kk.gpg;125.703438;75.738838;1 
ensemble_A\is_wikipedia_org_wiki_Mara_C3_BEonhlaup.gpg;127.031609;72.545013;1 
ensemble_A\it_wikipedia_org_wiki_Atletica_leggera.gpg;127.599510;73.957993;1 
ensemble_A\it_wikipedia_org_wiki_Bandy.gpg;126.193192;74.705841;1 
ensemble_A\it_wikipedia_org_wiki_Baseball.gpg;127.064476;74.030441;1 
ensemble_A\it_wikipedia_org_wiki_Beach_soccer.gpg;127.249825;74.823280;1 
ensemble_A\it_wikipedia_org_wiki_Beach_volley.gpg;126.322708;74.313492;1 
ensemble_A\it_wikipedia_org_wiki_Broomball.gpg;126.766724;74.065895;1 
ensemble_A\it_wikipedia_org_wiki_Buzkashi.gpg;127.796654;73.235420;1 
ensemble_A\it_wikipedia_org_wiki_Calcio_storico_fiorentino.gpg;129.775909;73.174026;1 
ensemble_A\it_wikipedia_org_wiki_Camogie.gpg;126.342552;74.812752;1 
ensemble_A\it_wikipedia_org_wiki_Cricket.gpg;128.785233;73.813179;1 
ensemble_A\it_wikipedia_org_wiki_Curling.gpg;125.945763;74.113503;1 
ensemble_A\it_wikipedia_org_wiki_Deambulazione.gpg;128.055893;75.914848;1 
ensemble_A\it_wikipedia_org_wiki_Decathlon.gpg;127.282295;73.636673;1 
ensemble_A\it_wikipedia_org_wiki_Eptathlon.gpg;125.574684;72.084488;1 
ensemble_A\it_wikipedia_org_wiki_Fondo__atletica_leggera_.gpg;126.423424;74.648613;1 
ensemble_A\it_wikipedia_org_wiki_Getto_del_peso.gpg;127.871620;73.405212;1 
ensemble_A\it_wikipedia_org_wiki_Lacrosse.gpg;127.535278;73.567329;1 
ensemble_A\it_wikipedia_org_wiki_Lancio_del_disco.gpg;127.924782;72.264130;1 
ensemble_A\it_wikipedia_org_wiki_Lancio_del_martello.gpg;126.414116;73.127731;1 
ensemble_A\it_wikipedia_org_wiki_Maratona__atletica_leggera_.gpg;126.889229;73.396614;1 
ensemble_A\it_wikipedia_org_wiki_Mezzofondo;91.868179;31.873234;0 
ensemble_A\it_wikipedia_org_wiki_Ostacoli__atletica_leggera_;94.071632;31.143398;0 
ensemble_A\it_wikipedia_org_wiki_Pallacanestro;93.775391;32.178810;0 
ensemble_A\it_wikipedia_org_wiki_Palla_prigioniera;93.857826;32.250553;0 
ensemble_A\it_wikipedia_org_wiki_Pallone_a_pugno;92.734306;32.757832;0 
ensemble_A\it_wikipedia_org_wiki_Salto_con_l_27asta;93.424065;31.989832;0 
ensemble_A\it_wikipedia_org_wiki_Salto_in_alto;92.942070;32.698639;0 
ensemble_A\it_wikipedia_org_wiki_Salto_in_lungo;92.323662;32.394234;0 
ensemble_A\it_wikipedia_org_wiki_Salto_triplo;90.393219;33.872646;0 
ensemble_A\it_wikipedia_org_wiki_Sport_di_squadra;94.054077;32.581123;0 
ensemble_A\it_wikipedia_org_wiki_Staffetta;93.981796;31.460457;0 
ensemble_A\it_wikipedia_org_wiki_Tamburello__sport_;93.976097;32.319813;0 
ensemble_A\it_wikipedia_org_wiki_Tiro_del_giavellotto;93.240921;31.371956;0 
ensemble_A\it_wikipedia_org_wiki_Velocit_C3_A0__atletica_leggera_;93.842484;32.879944;0 
ensemble_A\ja_text_1;172.243515;45.554581;1 
ensemble_A\ja_text_10;173.081757;44.940372;1 
ensemble_A\ja_text_2;169.060745;48.407093;1 
ensemble_A\ja_text_3;171.275497;46.145580;1 
ensemble_A\ja_text_4;171.318756;45.955669;1 
ensemble_A\ja_text_5;172.042908;44.819118;1 
ensemble_A\ja_text_6;170.087906;47.671368;1 
ensemble_A\ja_text_7;167.230453;50.034801;1 
ensemble_A\ja_text_8;171.018326;45.699791;1 
ensemble_A\ja_text_9;169.906540;47.953697;1 
ensemble_A\la_wikipedia_org_wiki_Basipila;94.635445;29.919064;0 
ensemble_A\la_wikipedia_org_wiki_Canistriludium;93.431778;31.463959;0 
ensemble_A\la_wikipedia_org_wiki_Criccetius_lusus;93.689049;30.537466;0 
ensemble_A\la_wikipedia_org_wiki_Cursus_brevis;90.722923;33.623550;0 
ensemble_A\la_wikipedia_org_wiki_Cursus_impedimentorum;92.435867;30.697191;0 
ensemble_A\la_wikipedia_org_wiki_Cursus_Marathonius;93.466797;31.688663;0 
ensemble_A\la_wikipedia_org_wiki_Cursus_mediae_distantiae;90.226532;32.167671;0 
ensemble_A\la_wikipedia_org_wiki_Heptathlon;92.307831;31.280079;0 
ensemble_A\la_wikipedia_org_wiki_Iactus_disci;94.288986;29.765635;0 
ensemble_A\la_wikipedia_org_wiki_Iactus_globi;93.826630;30.344875;0 
ensemble_A\la_wikipedia_org_wiki_Iactus_mallei;93.643524;29.668989;0 
ensemble_A\la_wikipedia_org_wiki_Iaculatio;94.431618;31.186142;0 
ensemble_A\la_wikipedia_org_wiki_Ludus_gymnicus_campestris;94.621216;30.500019;0 
ensemble_A\la_wikipedia_org_wiki_Ludus_lacrossensis;94.217758;29.768274;0 
ensemble_A\la_wikipedia_org_wiki_Lusus_Scotorum;94.695259;30.749287;0 
ensemble_A\la_wikipedia_org_wiki_Pila_volatilis_arenosa;94.436699;31.207386;0 
ensemble_A\la_wikipedia_org_wiki_Pililudus_glacialis;93.903046;30.628250;0 
ensemble_A\la_wikipedia_org_wiki_Saltus_in_altum;94.237038;31.926058;0 
ensemble_A\la_wikipedia_org_wiki_Saltus_in_longitudinem;93.449020;30.730371;0 
ensemble_A\la_wikipedia_org_wiki_Saltus_perticarius;94.236923;29.923944;0 
ensemble_A\la_wikipedia_org_wiki_Saltus_triplex;93.803368;30.795092;0 
ensemble_A\lt_wikipedia_org_wiki_Akmenslydis;100.847061;40.386555;0 
ensemble_A\lt_wikipedia_org_wiki_Bandis;103.903473;41.580093;0 
ensemble_A\lt_wikipedia_org_wiki_Barjerinis_b_C4_97gimas;99.619614;37.741886;0 
ensemble_A\lt_wikipedia_org_wiki_Beisbolas;104.522758;40.828823;0 
ensemble_A\lt_wikipedia_org_wiki_De_C5_A1imtkov_C4_97;102.421227;39.216442;0 
ensemble_A\lt_wikipedia_org_wiki_Disko_metimas;99.500916;41.592930;0 
ensemble_A\lt_wikipedia_org_wiki_Estafet_C4_97;104.706139;39.231091;0 
ensemble_A\lt_wikipedia_org_wiki_Ieties_metimas;104.226364;41.575939;0 
ensemble_A\lt_wikipedia_org_wiki_Ilgo_nuotolio_b_C4_97gimas;103.492538;42.667233;0 
ensemble_A\lt_wikipedia_org_wiki_Krep_C5_A1inis;104.790283;41.761635;0 
ensemble_A\lt_wikipedia_org_wiki_Kriketas;101.989845;39.072906;0 
ensemble_A\lt_wikipedia_org_wiki_Kvadratas___C5_BEaidimas_;106.308716;41.122707;0 
ensemble_A\lt_wikipedia_org_wiki_K_C5_ABjo_metimas;98.403511;40.210258;0 
ensemble_A\lt_wikipedia_org_wiki_Lakrosas;101.453758;41.111980;0 
ensemble_A\lt_wikipedia_org_wiki_Lengvoji_atletika;104.355766;38.896049;0 
ensemble_A\lt_wikipedia_org_wiki_Papl_C5_ABdimio_futbolas;107.106422;43.686974;0 
ensemble_A\lt_wikipedia_org_wiki_Papl_C5_ABdimio_tinklinis;105.492050;40.545467;0 
ensemble_A\lt_wikipedia_org_wiki_Rutulio_st_C5_ABmimas;104.371887;43.276165;0 
ensemble_A\lt_wikipedia_org_wiki_Septynkov_C4_97;103.560875;41.735683;0 
ensemble_A\lt_wikipedia_org_wiki_Tri_C5_A1uolis;101.275429;42.360352;0 
ensemble_A\lt_wikipedia_org_wiki_Vidutinio_nuotolio_b_C4_97gimas;104.281525;39.212700;0 
ensemble_A\lt_wikipedia_org_wiki__C5_A0uolis_su_kartimi;105.253326;39.688732;0 
ensemble_A\lt_wikipedia_org_wiki__C5_A0uolis__C4_AF_auk_C5_A1t_C4_AF;105.092476;40.669899;0 
ensemble_A\lt_wikipedia_org_wiki__C5_A0uolis__C4_AF_tol_C4_AF;102.827904;41.009590;0 
ensemble_A\lv_wikipedia_org_wiki_Augstl_C4_93k_C5_A1ana;106.348137;44.079975;0 
ensemble_A\lv_wikipedia_org_wiki_Basketbols;104.694771;41.242912;0 
ensemble_A\lv_wikipedia_org_wiki_Beisbols;105.556473;43.357281;0 
ensemble_A\lv_wikipedia_org_wiki_Bendijs;105.599815;41.870609;0 
ensemble_A\lv_wikipedia_org_wiki_Desmitc_C4_AB_C5_86a;108.210175;42.420147;0 
ensemble_A\lv_wikipedia_org_wiki_Diska_me_C5_A1ana;103.043846;43.444054;0 
ensemble_A\lv_wikipedia_org_wiki_Komandu_sports;106.347824;41.550426;0 
ensemble_A\lv_wikipedia_org_wiki_Krikets;104.687553;42.266186;0 
ensemble_A\lv_wikipedia_org_wiki_K_C4_81rtsl_C4_93k_C5_A1ana;107.480652;44.823608;0 
ensemble_A\lv_wikipedia_org_wiki_K_C4_93rlings;105.111847;42.552639;0 
ensemble_A\lv_wikipedia_org_wiki_Lakross;101.693771;43.052631;0 
ensemble_A\lv_wikipedia_org_wiki_Lodes_gr_C5_AB_C5_A1ana;105.257851;45.741032;0 
ensemble_A\lv_wikipedia_org_wiki_Maratons;103.594231;43.645107;0 
ensemble_A\lv_wikipedia_org_wiki_Pludmales_futbols;105.315155;41.028934;0 
ensemble_A\lv_wikipedia_org_wiki_Pludmales_volejbols;104.734650;41.940945;0 
ensemble_A\lv_wikipedia_org_wiki_Septi_C5_86c_C4_AB_C5_86a;107.310844;44.171036;0 
ensemble_A\lv_wikipedia_org_wiki_Tr_C4_ABsso_C4_BCl_C4_93k_C5_A1ana;107.131233;44.890327;0 
ensemble_A\lv_wikipedia_org_wiki_T_C4_81ll_C4_93k_C5_A1ana;107.867004;45.154793;0 
ensemble_A\lv_wikipedia_org_wiki_Vesera_me_C5_A1ana;104.346298;42.450527;0 
ensemble_A\lv_wikipedia_org_wiki_Vieglatl_C4_93tika;105.152893;41.747585;0 
ensemble_A\mk_wikipedia_org_wiki__D0_9A_D1_80_D0_B8_D0_BA_D0_B5_D1_82.gpg;126.412331;74.513664;1 
ensemble_A\ms_wikipedia_org_wiki_Besbol;93.296951;28.164423;0 
ensemble_A\ms_wikipedia_org_wiki_Bola_keranjang;93.515060;27.731194;0 
ensemble_A\ms_wikipedia_org_wiki_Buzkashi;93.991959;29.110571;0 
ensemble_A\ms_wikipedia_org_wiki_Dodgeball;93.855118;27.375080;0 
ensemble_A\ms_wikipedia_org_wiki_Kriket;92.800003;29.137249;0 
ensemble_A\ms_wikipedia_org_wiki_Lari_pecut;92.570000;30.269264;0 
ensemble_A\ms_wikipedia_org_wiki_Lempar_cakera;93.318718;27.925262;0 
ensemble_A\ms_wikipedia_org_wiki_Lompat_jauh;92.925888;28.202953;0 
ensemble_A\ms_wikipedia_org_wiki_Lompat_kijang;92.622375;28.186546;0 
ensemble_A\ms_wikipedia_org_wiki_Lompat_tinggi;93.507072;28.276834;0 
ensemble_A\nl_wikipedia_org_wiki_Kogelstoten.7z;120.088875;76.091934;1 
ensemble_A\nl_wikipedia_org_wiki_Lacrosse.7z;125.782867;74.606026;1 
ensemble_A\nl_wikipedia_org_wiki_Lopen.7z;114.247467;77.112656;1 
ensemble_A\nl_wikipedia_org_wiki_Marathon__sport_.7z;124.250488;74.811752;1 
ensemble_A\nl_wikipedia_org_wiki_Polsstokhoogspringen.7z;123.512459;76.578064;1 
ensemble_A\nl_wikipedia_org_wiki_Speerwerpen.7z;123.052940;76.388626;1 
ensemble_A\nl_wikipedia_org_wiki_Sprint__atletiek_.7z;116.448616;77.776222;1 
ensemble_A\nl_wikipedia_org_wiki_Strandvoetbal.7z;114.125420;77.017448;1 
ensemble_A\nl_wikipedia_org_wiki_Teamsport.7z;101.321693;77.799355;2 
ensemble_A\nl_wikipedia_org_wiki_Tienkamp.7z;117.184265;73.874550;1 
ensemble_A\nl_wikipedia_org_wiki_Trefbal.7z;103.284737;79.089149;2 
ensemble_A\nl_wikipedia_org_wiki_Verspringen.7z;122.618210;75.625320;1 
ensemble_A\nl_wikipedia_org_wiki_Zevenkamp__atletiek_.7z;118.348091;76.867546;1 
ensemble_A\nn_wikipedia_org_wiki_Bandy.7z;88.767647;79.256668;2 
ensemble_A\nn_wikipedia_org_wiki_Baseball.7z;121.326683;75.311317;1 
ensemble_A\nn_wikipedia_org_wiki_Cricket.7z;123.651154;74.403168;1 
ensemble_A\nn_wikipedia_org_wiki_Curling.7z;112.509232;82.168846;1 
ensemble_A\nn_wikipedia_org_wiki_Friidrett.7z;106.134727;79.321899;2 
ensemble_A\nn_wikipedia_org_wiki_Gonge.7z;113.604012;80.139420;1 
ensemble_A\nn_wikipedia_org_wiki_Kanonball.7z;117.620743;76.214195;1 
ensemble_A\nn_wikipedia_org_wiki_Korgball.7z;102.854408;81.475288;2 
ensemble_A\nn_wikipedia_org_wiki_Lagidrett.7z;104.608696;80.751450;2 
ensemble_A\nn_wikipedia_org_wiki_Lengdehopp.7z;113.861671;78.298431;1 
ensemble_A\nn_wikipedia_org_wiki_Maraton.7z;110.011292;77.723007;2 
ensemble_A\nn_wikipedia_org_wiki_Sandvolleyball.7z;107.521873;79.750504;2 
ensemble_A\nn_wikipedia_org_wiki_Sleggjekast.7z;103.690399;78.138588;2 
ensemble_A\no_wikipedia_org_wiki_Bandy.7z;123.545364;74.727608;1 
ensemble_A\no_wikipedia_org_wiki_Baseball.7z;118.705452;75.812637;1 
ensemble_A\no_wikipedia_org_wiki_Basketball.7z;126.573402;73.860199;1 
ensemble_A\no_wikipedia_org_wiki_Buzkashi.7z;120.921074;77.919113;1 
ensemble_A\no_wikipedia_org_wiki_Cricket.7z;126.761238;74.740814;1 
ensemble_A\no_wikipedia_org_wiki_Curling.7z;122.921875;75.500099;1 
ensemble_A\no_wikipedia_org_wiki_Diskos.7z;114.664574;76.448471;1 
ensemble_A\no_wikipedia_org_wiki_Friidrett.7z;121.029465;77.725479;1 
ensemble_A\no_wikipedia_org_wiki_Hekkel_C3_B8p.7z;113.500000;78.570877;1 
ensemble_A\no_wikipedia_org_wiki_H_C3_B8ydehopp.7z;115.875534;76.388481;1 
ensemble_A\no_wikipedia_org_wiki_Kanonball.7z;121.176437;76.232407;1 
ensemble_A\no_wikipedia_org_wiki_Kulest_C3_B8t.7z;126.926048;74.662216;1 
ensemble_A\no_wikipedia_org_wiki_Lacrosse.7z;125.635071;75.081749;1 
ensemble_A\no_wikipedia_org_wiki_Langdistansel_C3_B8p.7z;113.593559;78.617172;1 
ensemble_A\no_wikipedia_org_wiki_Lengdehopp.7z;121.381371;78.560219;1 
ensemble_A\no_wikipedia_org_wiki_Maraton.7z;116.310349;77.012016;1 
ensemble_A\no_wikipedia_org_wiki_Mellomdistansel_C3_B8p.7z;105.140060;77.714531;2 
ensemble_A\no_wikipedia_org_wiki_Sandvolleyball.7z;112.512405;78.902649;1 
ensemble_A\no_wikipedia_org_wiki_Sjukamp.7z;118.072594;76.290756;1 
ensemble_A\no_wikipedia_org_wiki_Sleggekast.7z;122.014351;74.880814;1 
ensemble_A\no_wikipedia_org_wiki_Sprintl_C3_B8p.7z;117.221786;78.148537;1 
ensemble_A\no_wikipedia_org_wiki_Spydkast.7z;120.678818;76.509895;1 
ensemble_A\no_wikipedia_org_wiki_Stafett.7z;123.894882;76.564430;1 
ensemble_A\no_wikipedia_org_wiki_Stavsprang.7z;117.834229;78.119286;1 
ensemble_A\no_wikipedia_org_wiki_Strandfotball.7z;109.393654;80.873077;2 
ensemble_A\no_wikipedia_org_wiki_Tikamp.7z;123.160767;76.541336;1 
ensemble_A\no_wikipedia_org_wiki_Tresteg.7z;110.034363;77.106331;2 
ensemble_A\nrm_wikipedia_org_wiki_Cricket.7z;117.490959;77.012375;1 
ensemble_A\nso_wikipedia_org_wiki_Kgwele_ya_ntlatlana.7z;60.283184;68.134239;2 
ensemble_A\oc_wikipedia_org_wiki_Atletisme.7z;116.256706;79.061623;1 
ensemble_A\oc_wikipedia_org_wiki_Basquetb_C3_B2l.7z;102.346619;80.610672;2 
ensemble_A\oc_wikipedia_org_wiki_Beisbol.7z;80.092590;77.915596;2 
ensemble_A\oc_wikipedia_org_wiki_Criquet.7z;84.380325;81.453384;2 
ensemble_A\oc_wikipedia_org_wiki_Marathon.7z;57.128712;67.201744;2 
ensemble_A\oc_wikipedia_org_wiki_Marcha.7z;101.627640;78.324562;2 
ensemble_A\oc_wikipedia_org_wiki_Saut_amb_p_C3_A8rga.7z;93.929268;78.714005;2 
ensemble_A\oc_wikipedia_org_wiki_Saut_de_long.7z;94.060303;80.622536;2 
ensemble_A\oc_wikipedia_org_wiki_Saut_de_naut.7z;121.592415;76.206764;1 
ensemble_A\oc_wikipedia_org_wiki_Tambornet.7z;120.228973;76.566574;1 
ensemble_A\pap_wikipedia_org_wiki_Beisb_C3_B2l.7z;116.715820;77.917496;1 
ensemble_A\pcd_wikipedia_org_wiki_Bale_au_tambourin.7z;82.745399;79.396049;2 
ensemble_A\pcd_wikipedia_org_wiki_Balon_au_poing.7z;114.524162;77.110489;1 
ensemble_A\pdc_wikipedia_org_wiki_Beesballe.7z;63.328888;72.584793;2 
ensemble_A\pl_wikipedia_org_wiki_Bandy.7z;109.766556;77.532188;2 
ensemble_A\pl_wikipedia_org_wiki_Baseball.7z;126.473015;74.672272;1 
ensemble_A\pl_wikipedia_org_wiki_Biegi_p_C5_82otkarskie.7z;106.888885;81.071251;2 
ensemble_A\pl_wikipedia_org_wiki_Bieg_d_C5_82ugodystansowy.7z;101.315269;77.267799;2 
ensemble_A\pl_wikipedia_org_wiki_Bieg_marato_C5_84ski.7z;121.642792;76.197807;1 
ensemble_A\pl_wikipedia_org_wiki_Bieg__C5_9Bredniodystansowy.7z;98.967094;81.388199;2 
ensemble_A\pl_wikipedia_org_wiki_Buzkaszi.7z;120.462090;76.767387;1 
ensemble_A\pl_wikipedia_org_wiki_Camogie.7z;80.575645;81.382370;2 
ensemble_A\pl_wikipedia_org_wiki_Curling.7z;127.452423;74.356018;1 
ensemble_A\pl_wikipedia_org_wiki_Dwa_ognie.7z;110.500000;78.491585;2 
ensemble_A\pl_wikipedia_org_wiki_Dziesi_C4_99ciob_C3_B3j_lekkoatletyczny.7z;105.846413;79.592239;2 
ensemble_A\pl_wikipedia_org_wiki_Koszyk_C3_B3wka.7z;119.296227;77.569267;1 
ensemble_A\pl_wikipedia_org_wiki_Krykiet.7z;126.777100;74.792419;1 
ensemble_A\pl_wikipedia_org_wiki_Lacrosse.7z;124.151062;74.481255;1 
ensemble_A\pl_wikipedia_org_wiki_Lekkoatletyka.7z;116.528175;75.235497;1 
ensemble_A\pl_wikipedia_org_wiki_Pchni_C4_99cie_kul_C4_85.7z;115.664680;78.093971;1 
ensemble_A\pl_wikipedia_org_wiki_Pi_C5_82ka_no_C5_BCna_pla_C5_BCowa.7z;123.718483;75.559395;1 
ensemble_A\pl_wikipedia_org_wiki_Rzut_dyskiem.7z;111.139977;80.215271;2 
ensemble_A\pl_wikipedia_org_wiki_Rzut_m_C5_82otem.7z;108.281578;78.613457;2 
ensemble_A\pl_wikipedia_org_wiki_Rzut_oszczepem.7z;124.568634;75.082550;1 
ensemble_A\pl_wikipedia_org_wiki_Siatk_C3_B3wka_pla_C5_BCowa.7z;105.340271;81.539375;2 
ensemble_A\pl_wikipedia_org_wiki_Siedmiob_C3_B3j_lekkoatletyczny.7z;107.762955;80.119011;2 
ensemble_A\pl_wikipedia_org_wiki_Skok_o_tyczce.7z;115.992195;77.583733;1 
ensemble_A\pl_wikipedia_org_wiki_Skok_wzwy_C5_BC.7z;111.611351;78.038536;1 
ensemble_A\pl_wikipedia_org_wiki_Skok_w_dal.7z;117.893539;77.407600;1 
ensemble_A\pl_wikipedia_org_wiki_Sport_zespo_C5_82owy.7z;103.587440;77.963455;2 
ensemble_A\pl_wikipedia_org_wiki_Sprint.7z;119.734085;76.220139;1 
ensemble_A\pl_wikipedia_org_wiki_Sztafeta.7z;102.059738;80.743660;2 
ensemble_A\pl_wikipedia_org_wiki_Tr_C3_B3jskok.7z;95.139442;78.494232;2 
ensemble_A\pms_wikipedia_org_wiki_Curling.7z;112.203094;76.966133;1 
ensemble_A\pms_wikipedia_org_wiki_Oulak_tirtich.7z;86.587898;77.252602;2 
ensemble_A\pt_wikipedia_org_wiki_Atletismo.7z;125.696266;75.357803;1 
ensemble_A\pt_wikipedia_org_wiki_Bandy.7z;99.852654;78.341324;2 
ensemble_A\pt_wikipedia_org_wiki_Basebol.7z;126.518486;75.009537;1 
ensemble_A\pt_wikipedia_org_wiki_Basquetebol.7z;125.245720;74.759132;1 
ensemble_A\pt_wikipedia_org_wiki_Broomball.7z;113.936615;78.832977;1 
ensemble_A\pt_wikipedia_org_wiki_Buzkashi.7z;115.754433;75.720726;1 
ensemble_A\pt_wikipedia_org_wiki_Camogie.7z;111.611168;78.666389;1 
ensemble_A\pt_wikipedia_org_wiki_Corridas_de_meio_fundo_e_fundo.7z;89.064964;76.625221;2 
ensemble_A\pt_wikipedia_org_wiki_Corrida_com_barreiras.7z;108.362000;77.832054;2 
ensemble_A\pt_wikipedia_org_wiki_Cr_C3_ADquete.7z;126.893768;75.043045;1 
ensemble_A\pt_wikipedia_org_wiki_Curling.7z;126.645859;74.422470;1 
ensemble_A\pt_wikipedia_org_wiki_Decatlo.7z;118.805992;75.880081;1 
ensemble_A\pt_wikipedia_org_wiki_Futebol_de_areia.7z;122.336273;76.535561;1 
ensemble_A\pt_wikipedia_org_wiki_Heptatlo.7z;120.465408;76.611237;1 
ensemble_A\pt_wikipedia_org_wiki_Lacrosse.7z;126.407196;74.676331;1 
ensemble_A\pt_wikipedia_org_wiki_Lan_C3_A7amento_de_dardo.7z;120.272896;75.197815;1 
ensemble_A\pt_wikipedia_org_wiki_Lan_C3_A7amento_de_disco.7z;118.485909;76.117409;1 
ensemble_A\pt_wikipedia_org_wiki_Lan_C3_A7amento_de_martelo.7z;121.090591;75.117928;1 
ensemble_A\pt_wikipedia_org_wiki_Maratona.7z;125.905899;74.909607;1 
ensemble_A\pt_wikipedia_org_wiki_Queimada__jogo_.7z;122.657593;75.569298;1 
ensemble_A\pt_wikipedia_org_wiki_Salto_com_vara.7z;120.807335;75.599731;1 
ensemble_A\pt_wikipedia_org_wiki_Salto_em_altura.7z;122.875267;76.190338;1 
ensemble_A\pt_wikipedia_org_wiki_Salto_em_comprimento.7z;119.862083;75.677048;1 
ensemble_A\pt_wikipedia_org_wiki_Tambor_C3_A9u.7z;119.453476;76.494659;1 
ensemble_A\pt_wikipedia_org_wiki_Triplo_salto.7z;123.818726;75.687271;1 
ensemble_A\pt_wikipedia_org_wiki_Voleibol_de_praia.7z;122.681396;75.108833;1 
ensemble_A\qu_wikipedia_org_wiki_Isanka_rump_27u.7z;79.491806;76.506248;2 
ensemble_A\qu_wikipedia_org_wiki_Kallpanakuy.7z;73.607841;77.785515;2 
ensemble_A\qu_wikipedia_org_wiki_Sirp_27i_pukllay.7z;75.894554;76.902351;2 
ensemble_A\rm_wikipedia_org_wiki_Atletica.7z;112.072319;79.375252;1 
ensemble_A\rm_wikipedia_org_wiki_Ballabasket.7z;103.728813;79.319466;2 
ensemble_A\rm_wikipedia_org_wiki_Maraton.7z;88.154305;79.839447;2 
ensemble_A\ro_wikipedia_org_wiki_Aruncarea_ciocanului.7z;103.850800;80.087608;2 
ensemble_A\ro_wikipedia_org_wiki_Aruncarea_discului.7z;62.839130;71.877884;2 
ensemble_A\ro_wikipedia_org_wiki_Aruncarea_greut_C4_83_C8_9Bii.7z;103.811676;80.041695;2 
ensemble_A\ro_wikipedia_org_wiki_Aruncarea_suli_C8_9Bei.7z;69.283524;74.011681;2 
ensemble_A\ro_wikipedia_org_wiki_Atletism.7z;111.890083;73.906326;1 
ensemble_A\ro_wikipedia_org_wiki_Bandy.7z;112.973076;78.971863;1 
ensemble_A\ro_wikipedia_org_wiki_Baschet.7z;125.777283;75.881348;1 
ensemble_A\ro_wikipedia_org_wiki_Baseball.7z;122.027328;75.963661;1 
ensemble_A\ro_wikipedia_org_wiki_Buzka_C8_99i.7z;92.453583;80.292397;2 
ensemble_A\ro_wikipedia_org_wiki_Crichet.7z;116.332451;77.311897;1 
ensemble_A\ro_wikipedia_org_wiki_Curling.7z;125.288666;75.576172;1 
ensemble_A\ro_wikipedia_org_wiki_Decatlon.7z;106.531166;77.988907;2 
ensemble_A\ro_wikipedia_org_wiki_Triplu_salt.7z;85.749329;77.560669;2 
ensemble_A\ro_wikipedia_org_wiki_Volei_de_plaj_C4_83.7z;121.898651;75.143761;1 
ensemble_A\ro_wikipedia_org_wiki__C8_98tafet_C4_83.7z;92.069115;77.993927;2 
ensemble_A\ru_text1;171.263580;53.638447;1 
ensemble_A\ru_text_10;170.943863;54.670551;1 
ensemble_A\ru_text_2;171.140579;53.227280;1 
ensemble_A\ru_text_3;167.822891;56.801521;1 
ensemble_A\ru_text_4;173.857178;51.372307;1 
ensemble_A\ru_text_5;164.383209;58.642216;1 
ensemble_A\ru_text_6;171.891937;52.962181;1 
ensemble_A\ru_text_7;172.543243;53.201862;1 
ensemble_A\ru_text_8;169.285553;55.688625;1 
ensemble_A\ru_text_9;168.148834;57.102852;1 
ensemble_A\ru_wikipedia_org_wiki__D0_9A_D0_B0_D0_BC_D0_BE_D0_B3_D0_B8.7z;112.598557;77.999283;1 
ensemble_A\scn_wikipedia_org_wiki_Beach_soccer.7z;104.901207;81.686783;2 
ensemble_A\scn_wikipedia_org_wiki_Cricket.7z;112.887367;76.654678;1 
ensemble_A\scn_wikipedia_org_wiki_Curling.7z;114.634003;78.282150;1 
ensemble_A\scn_wikipedia_org_wiki_Maratona.7z;96.355766;80.685089;2 
ensemble_A\scn_wikipedia_org_wiki_Palla_a_canistru.7z;109.819443;76.142067;2 
ensemble_A\scn_wikipedia_org_wiki_Sautu_triplu.7z;90.973801;78.642899;2 
ensemble_A\scn_wikipedia_org_wiki_Sport_di_squatra.7z;95.082253;80.351501;2 
ensemble_A\scn_wikipedia_org_wiki_Tammureddu__sport_.7z;95.851692;80.064415;2 
ensemble_A\scn_wikipedia_org_wiki_Tiru_d_C3_BB_giavillottu.7z;101.785713;77.971603;2 
ensemble_A\sco_wikipedia_org_wiki_Bandy.7z;85.157303;81.030479;2 
ensemble_A\sco_wikipedia_org_wiki_Basebaw.7z;101.635078;81.115028;2 
ensemble_A\sco_wikipedia_org_wiki_Basketbaw.7z;101.190575;78.223923;2 
ensemble_A\sco_wikipedia_org_wiki_Cricket.7z;64.893333;73.489441;2 
ensemble_A\sco_wikipedia_org_wiki_Curlin.7z;79.457031;77.346825;2 
ensemble_A\sco_wikipedia_org_wiki_Lacrosse.7z;78.072464;76.822769;2 
ensemble_A\sd_wikipedia_org_wiki__DA_AA_D8_B1_DA_AA_D9_8A_D9_BD.7z;119.362289;78.387077;1 
ensemble_A\sh_wikipedia_org_wiki_Atletika.7z;121.841965;75.772652;1 
ensemble_A\sh_wikipedia_org_wiki_Bejzbol.7z;126.917358;74.978294;1 
ensemble_A\sh_wikipedia_org_wiki_Bendi.7z;120.699646;76.444725;1 
ensemble_A\sh_wikipedia_org_wiki_Curling.7z;116.805878;78.416855;1 
ensemble_A\sh_wikipedia_org_wiki_Fudbal_na_pijesku.7z;121.686417;78.027702;1 
ensemble_A\sh_wikipedia_org_wiki_Ko_C5_A1arka.7z;126.352325;74.623878;1 
ensemble_A\sh_wikipedia_org_wiki_Kriket.7z;116.835152;76.714317;1 
ensemble_A\sh_wikipedia_org_wiki_Lakros.7z;117.617950;79.619705;1 
ensemble_A\sh_wikipedia_org_wiki_Maraton.7z;122.859612;75.184631;1 
ensemble_A\sh_wikipedia_org_wiki_Odbojka_na_pijesku.7z;117.744255;78.259338;1 
ensemble_A\sh_wikipedia_org_wiki_Skok_motkom.7z;113.664803;77.352898;1 
ensemble_A\sh_wikipedia_org_wiki_Skok_u_dalj.7z;99.866074;76.565979;2 
ensemble_A\sh_wikipedia_org_wiki_Skok_u_vis.7z;100.411766;81.719070;2 
ensemble_A\simple_wikipedia_org_wiki_Athletics__sport_.7z;82.212883;77.212753;2 
ensemble_A\simple_wikipedia_org_wiki_Bandy.7z;101.762650;78.947289;2 
ensemble_A\simple_wikipedia_org_wiki_Baseball.7z;124.340668;75.049446;1 
ensemble_A\simple_wikipedia_org_wiki_Basketball.7z;122.657372;75.240982;1 
ensemble_A\simple_wikipedia_org_wiki_Camogie.7z;114.436790;77.651764;1 
ensemble_A\simple_wikipedia_org_wiki_Cricket.7z;119.782188;75.625778;1 
ensemble_A\simple_wikipedia_org_wiki_Curling.7z;118.590546;77.078217;1 
ensemble_A\simple_wikipedia_org_wiki_Decathlon.7z;97.597733;84.508095;2 
ensemble_A\simple_wikipedia_org_wiki_Discus_throw.7z;90.903648;79.316490;2 
ensemble_A\simple_wikipedia_org_wiki_Dodgeball.7z;106.632011;77.639587;2 
ensemble_A\simple_wikipedia_org_wiki_Hammer_throw.7z;102.891754;80.412521;2 
ensemble_A\simple_wikipedia_org_wiki_Heptathlon.7z;91.232956;82.823059;2 
ensemble_A\simple_wikipedia_org_wiki_High_jump.7z;105.813354;82.051468;2 
ensemble_A\simple_wikipedia_org_wiki_Hurdle_race.7z;97.897026;80.366516;2 
ensemble_A\simple_wikipedia_org_wiki_Javelin.7z;100.541298;79.286530;2 
ensemble_A\simple_wikipedia_org_wiki_Lacrosse.7z;114.146339;78.486366;1 
ensemble_A\simple_wikipedia_org_wiki_Long_distance_race.7z;84.456650;79.621002;2 
ensemble_A\simple_wikipedia_org_wiki_Long_jump.7z;88.642654;80.342598;2 
ensemble_A\simple_wikipedia_org_wiki_Marathon.7z;106.678413;81.371353;2 
ensemble_A\simple_wikipedia_org_wiki_Middle_distance_race.7z;95.892311;79.462410;2 
ensemble_A\sk_wikipedia_org_wiki_Hod_diskom.7z;113.215363;80.534088;1 
ensemble_A\sk_wikipedia_org_wiki_Hod_kladivom.7z;114.247017;78.555565;1 
ensemble_A\sk_wikipedia_org_wiki_Hod_o_C5_A1tepom.7z;102.184929;81.829971;2 
ensemble_A\sk_wikipedia_org_wiki_Kolekt_C3_ADvny__C5_A1port.7z;104.199402;80.764351;2 
ensemble_A\sk_wikipedia_org_wiki_Kriket.7z;107.991280;79.817696;2 
ensemble_A\sk_wikipedia_org_wiki_Lakros.7z;124.479080;75.865036;1 
ensemble_A\sk_wikipedia_org_wiki_Marat_C3_B3n__beh_.7z;122.688438;77.027184;1 
ensemble_A\sk_wikipedia_org_wiki_Skok_do_dia_C4_BEky.7z;100.695122;82.110573;2 
ensemble_A\sk_wikipedia_org_wiki_Skok_do_v_C3_BD_C5_A1ky.7z;90.199181;78.070343;2 
ensemble_A\sk_wikipedia_org_wiki_Skok_o__C5_BErdi.7z;112.308632;78.213730;1 
ensemble_A\sk_wikipedia_org_wiki_Trojskok.7z;68.100960;76.862381;2 
ensemble_A\sk_wikipedia_org_wiki_Vrh_gu_C4_BEou.7z;86.539108;78.631622;2 
ensemble_A\sl_wikipedia_org_wiki_Atletika.7z;125.443863;75.060097;1 
ensemble_A\sl_wikipedia_org_wiki_Baseball.7z;120.790070;76.518181;1 
ensemble_A\sl_wikipedia_org_wiki_Curling.7z;120.843971;75.190948;1 
ensemble_A\sl_wikipedia_org_wiki_Hoja.7z;103.620758;78.740959;2 
ensemble_A\sl_wikipedia_org_wiki_Ko_C5_A1arka.7z;125.852127;75.284966;1 
ensemble_A\sl_wikipedia_org_wiki_Kriket.7z;124.512436;74.891304;1 
ensemble_A\sl_wikipedia_org_wiki_Maraton.7z;117.312584;76.504250;1 
ensemble_A\sl_wikipedia_org_wiki_Metlomet.7z;113.404335;76.101898;1 
ensemble_A\sl_wikipedia_org_wiki_Met_kladiva.7z;114.050049;78.237404;1 
ensemble_A\sl_wikipedia_org_wiki_Mo_C5_A1tveni__C5_A1port.7z;79.549522;80.489189;2 
ensemble_A\sl_wikipedia_org_wiki_Odbojka_na_mivki.7z;109.669319;77.513039;2 
ensemble_A\sl_wikipedia_org_wiki_Skok_s_palico.7z;125.340492;74.621140;1 
ensemble_A\sl_wikipedia_org_wiki_Suvanje_krogle.7z;100.302711;81.241196;2 
ensemble_A\sl_wikipedia_org_wiki_Tek_na_dolge_proge.7z;70.309959;72.819443;2 
ensemble_A\sl_wikipedia_org_wiki_Tek_na_srednje_proge.7z;72.586441;74.249649;2 
ensemble_A\sl_wikipedia_org_wiki__C5_A0print.7z;98.210785;82.092155;2 
ensemble_A\sm_wikipedia_org_wiki_Kirikiti.7z;110.039909;78.398613;2 
ensemble_A\sm_wikipedia_org_wiki_Pasiketipolo.7z;96.445908;84.736847;2 
ensemble_A\so_wikipedia_org_wiki_Kubadda_Koleyga.7z;55.286407;66.513550;2 
ensemble_A\so_wikipedia_org_wiki_Socod.7z;64.300003;73.563972;2 
ensemble_A\sq_wikipedia_org_wiki_Atletika.7z;113.469765;79.831306;1 
ensemble_A\sq_wikipedia_org_wiki_Basketbolli.7z;126.580963;74.792725;1 
ensemble_A\sq_wikipedia_org_wiki_Bejsbolli.7z;98.282112;80.063477;2 
ensemble_A\sq_wikipedia_org_wiki_Dekatloni.7z;112.283752;77.777756;1 
ensemble_A\sq_wikipedia_org_wiki_Heptatloni.7z;102.636879;81.275665;2 
ensemble_A\sq_wikipedia_org_wiki_Sprint.7z;92.035294;80.763069;2 
ensemble_A\sr_wikipedia_org_wiki_Bendi.gpg;128.263092;75.029839;1 
ensemble_A\sr_wikipedia_org_wiki__D0_90_D1_82_D0_BB_D0_B5_D1_82_D0_B8_D0_BA_D0_B0.zip;117.321724;73.086258;1 
ensemble_A\sr_wikipedia_org_wiki__D0_91_D0_B0_D1_86_D0_B0_D1_9A_D0_B5__D0_B4_D0_B8_D1_81_D0_BA_D0_B0.zip;118.964882;73.018295;1 
ensemble_A\sr_wikipedia_org_wiki__D0_91_D0_B0_D1_86_D0_B0_D1_9A_D0_B5__D0_BA_D0_BB_D0_B0_D0_B4_D0_B8_D0_B2_D0_B0.zip;121.795082;73.830544;1 
ensemble_A\sr_wikipedia_org_wiki__D0_91_D0_B0_D1_86_D0_B0_D1_9A_D0_B5__D0_BA_D0_BE_D0_BF_D1_99_D0_B0.zip;120.828125;74.459068;1 
ensemble_A\sr_wikipedia_org_wiki__D0_91_D0_B0_D1_86_D0_B0_D1_9A_D0_B5__D0_BA_D1_83_D0_B3_D0_BB_D0_B5.zip;121.011230;75.411095;1 
ensemble_A\sr_wikipedia_org_wiki__D0_91_D0_B5_D1_98_D0_B7_D0_B1_D0_BE_D0_BB.zip;122.886993;73.011604;1 
ensemble_A\sr_wikipedia_org_wiki__D0_94_D0_B5_D1_81_D0_B5_D1_82_D0_BE_D0_B1_D0_BE_D1_98.zip;109.592819;74.966415;2 
ensemble_A\sr_wikipedia_org_wiki__D0_9A_D0_B5_D1_80_D0_BB_D0_B8_D0_BD_D0_B3.zip;125.267372;72.825882;1 
ensemble_A\sr_wikipedia_org_wiki__D0_9A_D0_BE_D1_88_D0_B0_D1_80_D0_BA_D0_B0.zip;123.980453;73.883598;1 
ensemble_A\sr_wikipedia_org_wiki__D0_9A_D1_80_D0_B8_D0_BA_D0_B5_D1_82.zip;118.112411;73.836365;1 
ensemble_A\sr_wikipedia_org_wiki__D0_9B_D0_B0_D0_BA_D1_80_D0_BE_D1_81.zip;126.530983;73.694550;1 
ensemble_A\sr_wikipedia_org_wiki__D0_9C_D0_B0_D1_80_D0_B0_D1_82_D0_BE_D0_BD.zip;124.071808;73.139862;1 
ensemble_A\sr_wikipedia_org_wiki__D0_9E_D0_B4_D0_B1_D0_BE_D1_98_D0_BA_D0_B0__D0_BD_D0_B0__D0_BF_D0_B5_D1_81_D0_BA_D1_83.zip;116.210815;72.556992;1 
ensemble_A\sr_wikipedia_org_wiki__D0_9F_D0_B5_D1_88_D0_B0_D1_87_D0_B5_D1_9A_D0_B5.zip;96.319572;69.063599;2 
ensemble_A\sr_wikipedia_org_wiki__D0_A1_D0_B5_D0_B4_D0_BC_D0_BE_D0_B1_D0_BE_D1_98.zip;111.118431;73.517441;1 
ensemble_A\sr_wikipedia_org_wiki__D0_A1_D0_BA_D0_BE_D0_BA__D0_BC_D0_BE_D1_82_D0_BA_D0_BE_D0_BC.zip;119.670975;73.790871;1 
ensemble_A\sr_wikipedia_org_wiki__D0_A1_D0_BA_D0_BE_D0_BA__D1_83_D0_B2_D0_B8_D1_81.zip;120.242805;74.836197;1 
ensemble_A\su_wikipedia_org_wiki_Krik_C3_A9t.gpg;126.784927;73.430542;1 
ensemble_A\su_wikipedia_org_wiki_Leumpang.gpg;121.827667;74.843857;1 
ensemble_A\sv_text_1;96.878906;38.900169;0 
ensemble_A\sv_text_10;99.518761;41.002880;0 
ensemble_A\sv_text_2;97.611748;37.132893;0 
ensemble_A\sv_text_3;96.883163;38.182381;0 
ensemble_A\sv_text_4;97.694023;37.135021;0 
ensemble_A\sv_text_5;98.200439;36.325775;0 
ensemble_A\sv_text_6;97.060852;39.219330;0 
ensemble_A\sv_text_7;100.222427;40.468998;0 
ensemble_A\sv_text_8;99.376869;39.195278;0 
ensemble_A\sv_text_9;98.752495;39.223560;0 
ensemble_A\sv_wikipedia_org_wiki_Bandy.gpg;127.840668;72.533508;1 
ensemble_A\sv_wikipedia_org_wiki_Lagsport.gpg;124.527191;74.586426;1 
ensemble_A\sv_wikipedia_org_wiki_Maraton.gpg;127.232735;74.907822;1 
ensemble_A\sv_wikipedia_org_wiki_Medeldistansl_C3_B6pning.gpg;126.287025;74.191917;1 
ensemble_A\sv_wikipedia_org_wiki_Sjukamp.gpg;129.909897;75.338623;1 
ensemble_A\sv_wikipedia_org_wiki_Sl_C3_A4ggkastning.gpg;122.821655;73.948410;1 
ensemble_A\sv_wikipedia_org_wiki_Spjutkastning.gpg;133.058701;74.890160;1 
ensemble_A\sv_wikipedia_org_wiki_Sp_C3_B6kboll.gpg;123.435921;73.643654;1 
ensemble_A\sv_wikipedia_org_wiki_Stafett.gpg;128.327118;76.898323;1 
ensemble_A\sv_wikipedia_org_wiki_Stavhopp.gpg;126.656944;76.448273;1 
ensemble_A\sv_wikipedia_org_wiki_Strandfotboll.gpg;127.684700;74.149323;1 
ensemble_A\sv_wikipedia_org_wiki_Tiokamp.gpg;125.893013;74.206696;1 
ensemble_A\sv_wikipedia_org_wiki_Tresteg.gpg;126.355011;74.109428;1 
ensemble_A\sw_wikipedia_org_wiki_Baseball.gpg;127.153320;72.802643;1 
ensemble_A\sw_wikipedia_org_wiki_Kriketi.gpg;124.874092;74.866913;1 
ensemble_A\sw_wikipedia_org_wiki_Mbio_ya_Marathon.gpg;129.060364;74.144020;1 
ensemble_A\sw_wikipedia_org_wiki_Mpira_wa_kikapu.gpg;128.174072;74.171501;1 
ensemble_A\sw_wikipedia_org_wiki_Riadha.gpg;126.994293;74.822327;1 
ensemble_A\szl_wikipedia_org_wiki_Bjyg_marat_C5_AF_C5_84ski.gpg;126.246193;74.766815;1 
ensemble_A\szl_wikipedia_org_wiki_Korbbal.gpg;129.058090;75.269844;1 
ensemble_A\te_wikipedia_org_wiki__E0_B0_AE_E0_B0_BE_E0_B0_B0_E0_B0_A5_E0_B0_BE_E0_B0_A8_E0_B1_8D.gpg;126.949356;73.819138;1 
ensemble_A\tg_wikipedia_org_wiki__D0_91_D0_B0_D1_81_D0_BA_D0_B5_D1_82_D0_B1_D0_BE_D0_BB.gpg;127.076317;74.452545;1 
ensemble_A\tg_wikipedia_org_wiki__D0_91_D1_83_D0_B7_D0_BA_D0_B0_D1_88_D3_A3.gpg;127.081619;74.063461;1 
ensemble_A\tg_wikipedia_org_wiki__D0_9B_D0_B0_D0_BA_D1_80_D0_BE_D1_81.gpg;129.994156;73.855995;1 
ensemble_A\th_wikipedia_org_wiki__E0_B8_81_E0_B8_A3_E0_B8_B5_E0_B8_91_E0_B8_B2.gpg;130.128738;75.794579;1 
ensemble_A\th_wikipedia_org_wiki__E0_B9_80_E0_B8_84_E0_B8_AD_E0_B8_A3_E0_B9_8C_E0_B8_A5_E0_B8_B4_E0_B8_87.gpg;128.794968;73.370049;1 
ensemble_A\tk_wikipedia_org_wiki_Basketbol.gpg;122.772339;75.712959;1 
ensemble_A\tk_wikipedia_org_wiki_Be_C3_BDzbol.gpg;123.663666;76.512085;1 
ensemble_A\tk_wikipedia_org_wiki__C3_9De_C3_B1il_atletika.gpg;118.435432;77.582817;1 
ensemble_A\tl_wikipedia_org_wiki_Atletiks.gpg;130.053421;74.883522;1 
ensemble_A\tl_wikipedia_org_wiki_Basketbol.gpg;129.582108;74.214378;1 
ensemble_A\tl_wikipedia_org_wiki_Beysbol.gpg;122.195366;73.494614;1 
ensemble_A\tl_wikipedia_org_wiki_Kriket.gpg;123.509613;75.204819;1 
ensemble_A\tn_wikipedia_org_wiki_Metshameko_ya_Mothuba_Lobelo.gpg;123.402321;71.653496;1 
ensemble_A\tr_text_1;105.793907;45.542973;0 
ensemble_A\tr_text_10;107.403946;46.368748;0 
ensemble_A\tr_text_2;107.262474;44.511707;0 
ensemble_A\tr_text_3;105.955292;45.662689;0 
ensemble_A\tr_text_4;105.536125;45.155281;0 
ensemble_A\tr_text_5;107.139343;44.416626;0 
ensemble_A\tr_text_6;108.016518;44.639427;0 
ensemble_A\tr_text_7;109.016823;46.719364;0 
ensemble_A\tr_text_8;109.080276;46.009861;0 
ensemble_A\tr_text_9;110.237862;47.635387;0 
ensemble_A\tr_wikipedia_org_wiki_Bayrak_ko_C5_9Fusu.gpg;129.017654;75.129410;1 
ensemble_A\tr_wikipedia_org_wiki_Beyzbol.gpg;126.625298;75.552444;1 
ensemble_A\tr_wikipedia_org_wiki_Calcio_fiorentino.gpg;129.323212;74.086784;1 
ensemble_A\tr_wikipedia_org_wiki_Cirit_atma.gpg;128.946121;74.634972;1 
ensemble_A\tr_wikipedia_org_wiki_Lakros.gpg;128.116516;73.573296;1 
ensemble_A\tr_wikipedia_org_wiki_Maraton.gpg;126.017342;74.518326;1 
ensemble_A\tr_wikipedia_org_wiki_Orta_mesafe_ko_C5_9Fular_C4_B1.gpg;131.559204;72.868431;1 
ensemble_A\tr_wikipedia_org_wiki_Plaj_futbolu.gpg;128.644913;74.201408;1 
ensemble_A\tr_wikipedia_org_wiki_Plaj_voleybolu.gpg;124.832764;76.177261;1 
ensemble_A\tr_wikipedia_org_wiki_S_C4_B1r_C4_B1kla_y_C3_BCksek_atlama.gpg;124.592773;75.200882;1 
ensemble_A\tr_wikipedia_org_wiki_Tak_C4_B1m_sporu.gpg;125.922546;73.780426;1 
ensemble_A\tr_wikipedia_org_wiki_Uzun_atlama.gpg;126.640106;75.050217;1 
ensemble_A\tr_wikipedia_org_wiki_Uzun_mesafe_ko_C5_9Fular_C4_B1.gpg;127.926765;72.705086;1 
ensemble_A\tr_wikipedia_org_wiki_Yakartop.gpg;125.029556;74.824448;1 
ensemble_A\tr_wikipedia_org_wiki_Y_C3_BCksek_atlama.gpg;124.287697;74.086014;1 
ensemble_A\tr_wikipedia_org_wiki_Y_C3_BCr_C3_BCme.gpg;125.909210;74.798485;1 
ensemble_A\tt_wikipedia_org_wiki__D0_91_D0_B0_D1_81_D0_BA_D0_B5_D1_82_D0_B1_D0_BE_D0_BB.gpg;126.634773;74.918411;1 
ensemble_A\tt_wikipedia_org_wiki__D0_91_D0_B5_D0_B9_D1_81_D0_B1_D0_BE_D0_BB.gpg;121.251511;75.218582;1 
ensemble_A\ug_wikipedia_org_wiki__DB_8B_D8_A7_D8_B3_D9_83_DB_90_D8_AA_D8_A8_D9_88_D9_84.gpg;126.010307;73.681778;1 
ensemble_A\uk_wikipedia_org_wiki__D0_91_D0_B5_D0_B9_D1_81_D0_B1_D0_BE_D0_BB.gpg;129.781586;74.460083;1 
ensemble_A\uk_wikipedia_org_wiki__D0_91_D1_83_D0_B7_D0_BA_D0_B0_D1_88_D1_96.gpg;123.984062;74.323547;1 
ensemble_A\uk_wikipedia_org_wiki__D0_95_D1_81_D1_82_D0_B0_D1_84_D0_B5_D1_82_D0_B0.gpg;129.230835;73.714432;1 
ensemble_A\uk_wikipedia_org_wiki__D0_9A_D0_B5_D1_80_D0_BB_D1_96_D0_BD_D0_B3.gpg;127.535912;73.553543;1 
ensemble_A\uk_wikipedia_org_wiki__D0_9A_D1_80_D0_B8_D0_BA_D0_B5_D1_82.gpg;129.227783;74.270088;1 
ensemble_A\uk_wikipedia_org_wiki__D0_9B_D0_B0_D0_BA_D1_80_D0_BE_D1_81.gpg;126.691628;73.730499;1 
ensemble_A\ur_wikipedia_org_wiki__D8_A7_DB_8C_D8_AA_DA_BE_D9_84_DB_8C_D9_B9_DA_A9_D8_B3.gpg;125.102074;75.525764;1 
ensemble_A\ur_wikipedia_org_wiki__D8_A8_D8_A7_D8_B3_DA_A9_D9_B9__D8_A8_D8_A7_D9_84.gpg;123.183388;73.726547;1 
ensemble_A\ur_wikipedia_org_wiki__D8_A8_D8_B2_DA_A9_D8_B4_DB_8C.gpg;126.423531;74.306862;1 
ensemble_A\ur_wikipedia_org_wiki__D8_A8_DB_8C_D8_B3__D8_A8_D8_A7_D9_84.gpg;118.832802;73.619850;1 
ensemble_A\ur_wikipedia_org_wiki__D9_85_DB_8C_D8_B1_D8_A7_D8_AA_DA_BE_D9_86.gpg;128.485794;73.720169;1 
ensemble_A\ur_wikipedia_org_wiki__DA_88_D8_B3_DA_A9_D8_B3.gpg;126.920273;73.220642;1 
ensemble_A\ur_wikipedia_org_wiki__DA_A9_D8_B1_DA_A9_D9_B9.gpg;126.929474;73.533958;1 
ensemble_A\uz_wikipedia_org_wiki_Basketbol.gpg;126.500328;74.591614;1 
ensemble_A\uz_wikipedia_org_wiki_Beysbol.gpg;125.458145;75.117744;1 
ensemble_A\uz_wikipedia_org_wiki_Koptokli_xokkey.gpg;127.847382;74.032364;1 
ensemble_A\uz_wikipedia_org_wiki_Kriket.gpg;125.931038;70.479210;1 
ensemble_A\uz_wikipedia_org_wiki_Yengil_atletika.gpg;127.889832;73.471176;1 
ensemble_A\vec_wikipedia_org_wiki_Atletica__C5_82eziera.gpg;127.876312;76.468491;1 
ensemble_A\vec_wikipedia_org_wiki_Ba_C5_82acanestro.gpg;125.887703;75.608139;1 
ensemble_A\vec_wikipedia_org_wiki_Ba_C5_82a_tanbure_C5_82o.gpg;128.147354;74.371788;1 
ensemble_A\vi_wikipedia_org_wiki_Bi__C4_91_C3_A1_tr_C3_AAn_b_C4_83ng.gpg;122.047752;74.196434;1 
ensemble_A\vi_wikipedia_org_wiki_B_C3_B3ng_chuy_E1_BB_81n_b_C3_A3i_bi_E1_BB_83n.gpg;126.492065;73.044334;1 
ensemble_A\vi_wikipedia_org_wiki_B_C3_B3ng_ch_C3_A0y.gpg;125.998772;74.503448;1 
ensemble_A\vi_wikipedia_org_wiki_B_C3_B3ng_r_E1_BB_95.gpg;127.614273;74.365074;1 
ensemble_A\vi_wikipedia_org_wiki_B_C3_B3ng_v_E1_BB_A3t.gpg;126.655098;75.754204;1 
ensemble_A\vi_wikipedia_org_wiki_B_C3_B3ng__C4_91_C3_A1_b_C3_A3i_bi_E1_BB_83n.gpg;125.495659;74.270233;1 
ensemble_A\vi_wikipedia_org_wiki_Cricket.gpg;127.779236;73.021423;1 
ensemble_A\vi_wikipedia_org_wiki_Marathon__th_E1_BB_83_thao_.gpg;128.118500;74.260468;1 
ensemble_A\vi_wikipedia_org_wiki_Nh_E1_BA_A3y_cao.gpg;127.936607;73.389862;1 
ensemble_A\vi_wikipedia_org_wiki_Nh_E1_BA_A3y_xa.gpg;123.950951;74.824791;1 
ensemble_A\vi_wikipedia_org_wiki_Ph_C3_B3ng_lao.gpg;125.522163;73.422119;1 
ensemble_A\vi_wikipedia_org_wiki__C4_90i_b_E1_BB_99.gpg;127.682022;73.590858;1 
ensemble_A\vi_wikipedia_org_wiki__C4_90i_E1_BB_81n_kinh.gpg;126.864670;74.379387;1 
ensemble_A\vls_wikipedia_org_wiki_Atletiek.gpg;128.410797;74.648964;1 
ensemble_A\vls_wikipedia_org_wiki_Basket.gpg;129.881943;73.815498;1 
ensemble_A\war_wikipedia_org_wiki_Atletika.gpg;121.464287;74.640457;1 
ensemble_A\war_wikipedia_org_wiki_Baseball.gpg;125.713318;74.297112;1 
ensemble_A\war_wikipedia_org_wiki_Basketbol.gpg;123.105347;74.820511;1 
ensemble_A\war_wikipedia_org_wiki_Kriket.gpg;129.029953;77.224663;1 
ensemble_A\wa_wikipedia_org_wiki_Atletisse.gpg;129.178177;71.588158;1 
ensemble_A\wa_wikipedia_org_wiki_Maraton.gpg;127.278481;73.322731;1 
ensemble_A\wuu_wikipedia_org_wiki__E5_86_B0_E5_A3_B6.gpg;127.409958;72.222351;1 
ensemble_A\wuu_wikipedia_org_wiki__E6_A3_92_E7_90_83.gpg;125.972069;75.138832;1 
ensemble_A\xh_wikipedia_org_wiki_Iqakamba.gpg;125.682846;72.864029;1 
ensemble_A\zh_min_nan_wikipedia_org_wiki_P_C3_A1n_ki_C3_BB.gpg;122.287453;76.407616;1 
ensemble_A\zh_wikipedia_org_wiki__E4_B8_83_E9_A0_85_E5_85_A8_E8_83_BD.gpg;128.907593;73.593575;1 
ensemble_A\zh_wikipedia_org_wiki__E4_B8_89_E7_BA_A7_E8_B7_B3_E8_BF_9C.gpg;128.537491;73.739517;1 
ensemble_A\zh_wikipedia_org_wiki__E4_B8_AD_E9_95_BF_E8_B7_91.gpg;116.820869;74.808159;1 
ensemble_A\zh_wikipedia_org_wiki__E5_86_B0_E5_A3_BA.gpg;125.750755;74.430901;1 
ensemble_A\zh_wikipedia_org_wiki__E5_8D_81_E9_A0_85_E5_85_A8_E8_83_BD.gpg;124.799835;74.699310;1 
ensemble_A\zh_wikipedia_org_wiki__E5_9C_98_E9_9A_8A_E9_81_8B_E5_8B_95.gpg;133.673248;73.257057;1 
ensemble_A\zh_wikipedia_org_wiki__E5_B8_83_E7_8E_86_E5_8D_A1_E5_85_B9.gpg;123.761597;75.735092;1 
ensemble_A\zh_yue_wikipedia_org_wiki__E5_86_B0_E5_A3_BA.gpg;127.631271;73.874313;1 
ensemble_A\zh_yue_wikipedia_org_wiki__E5_8D_81_E9_A0_85_E5_85_A8_E8_83_BD.gpg;123.348488;74.397163;1 
ensemble_A\zh_yue_wikipedia_org_wiki__E6_92_90_E7_AB_BF_E8_B7_B3_E9_AB_98.gpg;126.347305;74.531693;1 
ensemble_A\zh_yue_wikipedia_org_wiki__E6_9C_A8_E7_90_83.gpg;126.356110;73.805305;1 
ensemble_A\zh_yue_wikipedia_org_wiki__E8_B7_B3_E9_AB_98.gpg;124.932930;75.488594;1 
ensemble_A\zh_yue_wikipedia_org_wiki__E9_89_9B_E7_90_83.gpg;130.000000;74.469543;1 
ensemble_A\zh_yue_wikipedia_org_wiki__E9_90_B5_E9_A4_85.gpg;121.737701;76.207878;1 
ensemble_A\zh_yue_wikipedia_org_wiki__E9_A6_AC_E6_8B_89_E6_9D_BE.gpg;125.908318;70.724533;1 
ensemble_A\zu_wikipedia_org_wiki_Ikhilikithi.gpg;130.846939;78.420174;1 
