C:\Users\Bettyna\Documents\ESIEA_4A\S2\securite_virologie\projet_final\ensemble_A_solution\wikipedia_clair_2\az_wikipedia_org_wiki_Basketbol;114.054245;47.501728;0 
C:\Users\Bettyna\Documents\ESIEA_4A\S2\securite_virologie\projet_final\ensemble_A_solution\wikipedia_clair_2\az_wikipedia_org_wiki_Beysbol;118.262520;48.738579;0 
C:\Users\Bettyna\Documents\ESIEA_4A\S2\securite_virologie\projet_final\ensemble_A_solution\wikipedia_clair_2\az_wikipedia_org_wiki_Kriket;113.634377;46.693237;0 
C:\Users\Bettyna\Documents\ESIEA_4A\S2\securite_virologie\projet_final\ensemble_A_solution\wikipedia_clair_2\az_wikipedia_org_wiki_K_C3_B6rlinq;101.373055;45.861874;12 
C:\Users\Bettyna\Documents\ESIEA_4A\S2\securite_virologie\projet_final\ensemble_A_solution\wikipedia_clair_2\az_wikipedia_org_wiki_Lakros;114.954865;46.740852;0 
C:\Users\Bettyna\Documents\ESIEA_4A\S2\securite_virologie\projet_final\ensemble_A_solution\wikipedia_clair_2\az_wikipedia_org_wiki_Marafon;115.205658;48.367638;0 
C:\Users\Bettyna\Documents\ESIEA_4A\S2\securite_virologie\projet_final\ensemble_A_solution\wikipedia_clair_2\az_wikipedia_org_wiki_Y_C3_BCng_C3_BCl_atletika;115.703560;48.761993;0 
C:\Users\Bettyna\Documents\ESIEA_4A\S2\securite_virologie\projet_final\ensemble_A_solution\wikipedia_clair_2\az_wikipedia_org_wiki__C3_87im_C9_99rlik_futbolu;114.093430;47.281033;0 
C:\Users\Bettyna\Documents\ESIEA_4A\S2\securite_virologie\projet_final\ensemble_A_solution\wikipedia_clair_2\az_wikipedia_org_wiki__C3_87im_C9_99rlik_voleybolu;112.530769;47.228291;0 
C:\Users\Bettyna\Documents\ESIEA_4A\S2\securite_virologie\projet_final\ensemble_A_solution\wikipedia_clair_2\bs_wikipedia_org_wiki_Atletika;98.992073;34.856251;11 
C:\Users\Bettyna\Documents\ESIEA_4A\S2\securite_virologie\projet_final\ensemble_A_solution\wikipedia_clair_2\bs_wikipedia_org_wiki_Bacanje_koplja;97.239731;36.267773;11 
C:\Users\Bettyna\Documents\ESIEA_4A\S2\securite_virologie\projet_final\ensemble_A_solution\wikipedia_clair_2\bs_wikipedia_org_wiki_Bejzbol;95.092201;35.839100;15 
C:\Users\Bettyna\Documents\ESIEA_4A\S2\securite_virologie\projet_final\ensemble_A_solution\wikipedia_clair_2\bs_wikipedia_org_wiki_Bendi;94.048859;36.184345;15 
C:\Users\Bettyna\Documents\ESIEA_4A\S2\securite_virologie\projet_final\ensemble_A_solution\wikipedia_clair_2\bs_wikipedia_org_wiki_Karling;94.122551;34.494606;15 
C:\Users\Bettyna\Documents\ESIEA_4A\S2\securite_virologie\projet_final\ensemble_A_solution\wikipedia_clair_2\bs_wikipedia_org_wiki_Ko_C5_A1arka;96.506714;35.930260;11 
C:\Users\Bettyna\Documents\ESIEA_4A\S2\securite_virologie\projet_final\ensemble_A_solution\wikipedia_clair_2\bs_wikipedia_org_wiki_Kriket;95.898872;34.932770;15 
C:\Users\Bettyna\Documents\ESIEA_4A\S2\securite_virologie\projet_final\ensemble_A_solution\wikipedia_clair_2\bs_wikipedia_org_wiki_Maraton;95.212608;34.706718;15 
C:\Users\Bettyna\Documents\ESIEA_4A\S2\securite_virologie\projet_final\ensemble_A_solution\wikipedia_clair_2\bs_wikipedia_org_wiki_Odbojka_na_pijesku;97.277695;35.613239;11 
C:\Users\Bettyna\Documents\ESIEA_4A\S2\securite_virologie\projet_final\ensemble_A_solution\wikipedia_clair_2\bs_wikipedia_org_wiki_Skok_u_dalj;86.597404;39.553150;5 
C:\Users\Bettyna\Documents\ESIEA_4A\S2\securite_virologie\projet_final\ensemble_A_solution\wikipedia_clair_2\bs_wikipedia_org_wiki_Skok_u_vis;98.009583;36.702560;11 
C:\Users\Bettyna\Documents\ESIEA_4A\S2\securite_virologie\projet_final\ensemble_A_solution\wikipedia_clair_2\bs_wikipedia_org_wiki_Troskok;94.413200;35.879604;15 
C:\Users\Bettyna\Documents\ESIEA_4A\S2\securite_virologie\projet_final\ensemble_A_solution\wikipedia_clair_2\de_wikipedia_org_wiki_Bandy__Sport_;93.498543;32.559998;8 
C:\Users\Bettyna\Documents\ESIEA_4A\S2\securite_virologie\projet_final\ensemble_A_solution\wikipedia_clair_2\de_wikipedia_org_wiki_Baseball;94.388527;32.328705;8 
C:\Users\Bettyna\Documents\ESIEA_4A\S2\securite_virologie\projet_final\ensemble_A_solution\wikipedia_clair_2\de_wikipedia_org_wiki_Basketball;94.495857;32.861855;15 
C:\Users\Bettyna\Documents\ESIEA_4A\S2\securite_virologie\projet_final\ensemble_A_solution\wikipedia_clair_2\de_wikipedia_org_wiki_Beachsoccer;94.231445;33.080151;15 
C:\Users\Bettyna\Documents\ESIEA_4A\S2\securite_virologie\projet_final\ensemble_A_solution\wikipedia_clair_2\de_wikipedia_org_wiki_Beachvolleyball;93.867714;31.587549;8 
C:\Users\Bettyna\Documents\ESIEA_4A\S2\securite_virologie\projet_final\ensemble_A_solution\wikipedia_clair_2\de_wikipedia_org_wiki_Broomball;94.974754;33.433964;15 
C:\Users\Bettyna\Documents\ESIEA_4A\S2\securite_virologie\projet_final\ensemble_A_solution\wikipedia_clair_2\de_wikipedia_org_wiki_Buzkaschi;94.661774;32.802883;15 
C:\Users\Bettyna\Documents\ESIEA_4A\S2\securite_virologie\projet_final\ensemble_A_solution\wikipedia_clair_2\de_wikipedia_org_wiki_Calcio_storico;94.405663;32.095444;8 
C:\Users\Bettyna\Documents\ESIEA_4A\S2\securite_virologie\projet_final\ensemble_A_solution\wikipedia_clair_2\de_wikipedia_org_wiki_Camogie;93.397141;33.719345;15 
C:\Users\Bettyna\Documents\ESIEA_4A\S2\securite_virologie\projet_final\ensemble_A_solution\wikipedia_clair_2\de_wikipedia_org_wiki_Cricket;94.193481;32.176319;8 
C:\Users\Bettyna\Documents\ESIEA_4A\S2\securite_virologie\projet_final\ensemble_A_solution\wikipedia_clair_2\de_wikipedia_org_wiki_Curling;94.425728;32.219200;8 
C:\Users\Bettyna\Documents\ESIEA_4A\S2\securite_virologie\projet_final\ensemble_A_solution\wikipedia_clair_2\de_wikipedia_org_wiki_Diskuswurf;94.886833;33.475044;15 
C:\Users\Bettyna\Documents\ESIEA_4A\S2\securite_virologie\projet_final\ensemble_A_solution\wikipedia_clair_2\de_wikipedia_org_wiki_Dreisprung;94.683945;35.092449;15 
C:\Users\Bettyna\Documents\ESIEA_4A\S2\securite_virologie\projet_final\ensemble_A_solution\wikipedia_clair_2\de_wikipedia_org_wiki_Hammerwurf;94.081718;36.161392;15 
C:\Users\Bettyna\Documents\ESIEA_4A\S2\securite_virologie\projet_final\ensemble_A_solution\wikipedia_clair_2\de_wikipedia_org_wiki_Hochsprung;95.511597;35.149536;15 
C:\Users\Bettyna\Documents\ESIEA_4A\S2\securite_virologie\projet_final\ensemble_A_solution\wikipedia_clair_2\de_wikipedia_org_wiki_H_C3_BCrdenlauf;96.867455;35.879345;11 
C:\Users\Bettyna\Documents\ESIEA_4A\S2\securite_virologie\projet_final\ensemble_A_solution\wikipedia_clair_2\de_wikipedia_org_wiki_Kugelsto_C3_9Fen;94.623848;33.719738;15 
C:\Users\Bettyna\Documents\ESIEA_4A\S2\securite_virologie\projet_final\ensemble_A_solution\wikipedia_clair_2\de_wikipedia_org_wiki_Lacrosse;94.062469;32.324959;8 
C:\Users\Bettyna\Documents\ESIEA_4A\S2\securite_virologie\projet_final\ensemble_A_solution\wikipedia_clair_2\de_wikipedia_org_wiki_Langstreckenlauf;94.038246;33.679886;15 
C:\Users\Bettyna\Documents\ESIEA_4A\S2\securite_virologie\projet_final\ensemble_A_solution\wikipedia_clair_2\de_wikipedia_org_wiki_Leichtathletik;95.147942;33.424801;15 
C:\Users\Bettyna\Documents\ESIEA_4A\S2\securite_virologie\projet_final\ensemble_A_solution\wikipedia_clair_2\de_wikipedia_org_wiki_Mannschaftssport;96.279991;30.828804;2 
C:\Users\Bettyna\Documents\ESIEA_4A\S2\securite_virologie\projet_final\ensemble_A_solution\wikipedia_clair_2\de_wikipedia_org_wiki_Marathonlauf;95.568008;32.881351;15 
C:\Users\Bettyna\Documents\ESIEA_4A\S2\securite_virologie\projet_final\ensemble_A_solution\wikipedia_clair_2\de_wikipedia_org_wiki_Mittelstreckenlauf;92.970589;32.304794;8 
C:\Users\Bettyna\Documents\ESIEA_4A\S2\securite_virologie\projet_final\ensemble_A_solution\wikipedia_clair_2\de_wikipedia_org_wiki_Siebenkampf;93.749908;35.919518;15 
C:\Users\Bettyna\Documents\ESIEA_4A\S2\securite_virologie\projet_final\ensemble_A_solution\wikipedia_clair_2\de_wikipedia_org_wiki_Speerwurf;94.062180;33.630756;15 
C:\Users\Bettyna\Documents\ESIEA_4A\S2\securite_virologie\projet_final\ensemble_A_solution\wikipedia_clair_2\de_wikipedia_org_wiki_Sprint;94.538391;32.545979;15 
C:\Users\Bettyna\Documents\ESIEA_4A\S2\securite_virologie\projet_final\ensemble_A_solution\wikipedia_clair_2\de_wikipedia_org_wiki_Stabhochsprung;95.224503;34.825859;15 
C:\Users\Bettyna\Documents\ESIEA_4A\S2\securite_virologie\projet_final\ensemble_A_solution\wikipedia_clair_2\de_wikipedia_org_wiki_Staffellauf;92.995255;33.115585;8 
C:\Users\Bettyna\Documents\ESIEA_4A\S2\securite_virologie\projet_final\ensemble_A_solution\wikipedia_clair_2\de_wikipedia_org_wiki_Tamburello;93.671677;31.309097;8 
C:\Users\Bettyna\Documents\ESIEA_4A\S2\securite_virologie\projet_final\ensemble_A_solution\wikipedia_clair_2\de_wikipedia_org_wiki_V_C3_B6lkerball;95.149193;32.470985;15 
C:\Users\Bettyna\Documents\ESIEA_4A\S2\securite_virologie\projet_final\ensemble_A_solution\wikipedia_clair_2\de_wikipedia_org_wiki_Weitsprung;95.241287;33.424686;15 
C:\Users\Bettyna\Documents\ESIEA_4A\S2\securite_virologie\projet_final\ensemble_A_solution\wikipedia_clair_2\en_wikipedia_org_wiki_Bandy;91.780006;32.257465;6 
C:\Users\Bettyna\Documents\ESIEA_4A\S2\securite_virologie\projet_final\ensemble_A_solution\wikipedia_clair_2\en_wikipedia_org_wiki_Baseball;91.734451;30.550188;3 
C:\Users\Bettyna\Documents\ESIEA_4A\S2\securite_virologie\projet_final\ensemble_A_solution\wikipedia_clair_2\en_wikipedia_org_wiki_Basketball;91.450340;30.895676;3 
C:\Users\Bettyna\Documents\ESIEA_4A\S2\securite_virologie\projet_final\ensemble_A_solution\wikipedia_clair_2\en_wikipedia_org_wiki_Beach_soccer;91.476868;30.585897;3 
C:\Users\Bettyna\Documents\ESIEA_4A\S2\securite_virologie\projet_final\ensemble_A_solution\wikipedia_clair_2\en_wikipedia_org_wiki_Beach_volleyball;91.383316;31.035500;3 
C:\Users\Bettyna\Documents\ESIEA_4A\S2\securite_virologie\projet_final\ensemble_A_solution\wikipedia_clair_2\en_wikipedia_org_wiki_Broomball;92.233719;29.985979;2 
C:\Users\Bettyna\Documents\ESIEA_4A\S2\securite_virologie\projet_final\ensemble_A_solution\wikipedia_clair_2\en_wikipedia_org_wiki_Buzkashi;91.328491;30.560019;3 
C:\Users\Bettyna\Documents\ESIEA_4A\S2\securite_virologie\projet_final\ensemble_A_solution\wikipedia_clair_2\en_wikipedia_org_wiki_Calcio_Fiorentino;90.426796;32.251156;6 
C:\Users\Bettyna\Documents\ESIEA_4A\S2\securite_virologie\projet_final\ensemble_A_solution\wikipedia_clair_2\en_wikipedia_org_wiki_Camogie;91.627167;33.246716;6 
C:\Users\Bettyna\Documents\ESIEA_4A\S2\securite_virologie\projet_final\ensemble_A_solution\wikipedia_clair_2\en_wikipedia_org_wiki_Cricket;91.342018;31.039032;3 
C:\Users\Bettyna\Documents\ESIEA_4A\S2\securite_virologie\projet_final\ensemble_A_solution\wikipedia_clair_2\en_wikipedia_org_wiki_Curling;91.573868;31.002789;3 
C:\Users\Bettyna\Documents\ESIEA_4A\S2\securite_virologie\projet_final\ensemble_A_solution\wikipedia_clair_2\en_wikipedia_org_wiki_Decathlon;91.873543;31.670294;6 
C:\Users\Bettyna\Documents\ESIEA_4A\S2\securite_virologie\projet_final\ensemble_A_solution\wikipedia_clair_2\en_wikipedia_org_wiki_Discus_throw;91.761940;32.450676;6 
C:\Users\Bettyna\Documents\ESIEA_4A\S2\securite_virologie\projet_final\ensemble_A_solution\wikipedia_clair_2\en_wikipedia_org_wiki_Hammer_throw;92.182648;32.810207;8 
C:\Users\Bettyna\Documents\ESIEA_4A\S2\securite_virologie\projet_final\ensemble_A_solution\wikipedia_clair_2\en_wikipedia_org_wiki_High_jump;92.339249;32.492908;8 
C:\Users\Bettyna\Documents\ESIEA_4A\S2\securite_virologie\projet_final\ensemble_A_solution\wikipedia_clair_2\en_wikipedia_org_wiki_Hurdling;91.828644;31.532108;6 
C:\Users\Bettyna\Documents\ESIEA_4A\S2\securite_virologie\projet_final\ensemble_A_solution\wikipedia_clair_2\en_wikipedia_org_wiki_Javelin_throw;91.981934;32.132015;6 
C:\Users\Bettyna\Documents\ESIEA_4A\S2\securite_virologie\projet_final\ensemble_A_solution\wikipedia_clair_2\en_wikipedia_org_wiki_Lacrosse;90.809982;31.135975;3 
C:\Users\Bettyna\Documents\ESIEA_4A\S2\securite_virologie\projet_final\ensemble_A_solution\wikipedia_clair_2\en_wikipedia_org_wiki_Long_distance_running;92.871979;30.450909;2 
C:\Users\Bettyna\Documents\ESIEA_4A\S2\securite_virologie\projet_final\ensemble_A_solution\wikipedia_clair_2\en_wikipedia_org_wiki_Long_jump;92.600288;31.460728;8 
C:\Users\Bettyna\Documents\ESIEA_4A\S2\securite_virologie\projet_final\ensemble_A_solution\wikipedia_clair_2\en_wikipedia_org_wiki_Marathon;91.022354;31.087803;3 
C:\Users\Bettyna\Documents\ESIEA_4A\S2\securite_virologie\projet_final\ensemble_A_solution\wikipedia_clair_2\en_wikipedia_org_wiki_Pole_vault;92.488403;30.722126;2 
C:\Users\Bettyna\Documents\ESIEA_4A\S2\securite_virologie\projet_final\ensemble_A_solution\wikipedia_clair_2\en_wikipedia_org_wiki_Prisonball;91.279320;31.130554;3 
C:\Users\Bettyna\Documents\ESIEA_4A\S2\securite_virologie\projet_final\ensemble_A_solution\wikipedia_clair_2\en_wikipedia_org_wiki_Relay_race;91.129555;31.587208;6 
C:\Users\Bettyna\Documents\ESIEA_4A\S2\securite_virologie\projet_final\ensemble_A_solution\wikipedia_clair_2\en_wikipedia_org_wiki_Shot_put;92.646645;31.826506;8 
C:\Users\Bettyna\Documents\ESIEA_4A\S2\securite_virologie\projet_final\ensemble_A_solution\wikipedia_clair_2\en_wikipedia_org_wiki_Sport_of_athletics;93.032036;30.408474;2 
C:\Users\Bettyna\Documents\ESIEA_4A\S2\securite_virologie\projet_final\ensemble_A_solution\wikipedia_clair_2\en_wikipedia_org_wiki_Sprint__running_;91.689720;31.362638;3 
C:\Users\Bettyna\Documents\ESIEA_4A\S2\securite_virologie\projet_final\ensemble_A_solution\wikipedia_clair_2\en_wikipedia_org_wiki_Tamburello;91.297455;31.175989;3 
C:\Users\Bettyna\Documents\ESIEA_4A\S2\securite_virologie\projet_final\ensemble_A_solution\wikipedia_clair_2\en_wikipedia_org_wiki_Team_sport;92.216797;30.627993;2 
C:\Users\Bettyna\Documents\ESIEA_4A\S2\securite_virologie\projet_final\ensemble_A_solution\wikipedia_clair_2\en_wikipedia_org_wiki_Triple_jump;91.475189;31.474203;3 
C:\Users\Bettyna\Documents\ESIEA_4A\S2\securite_virologie\projet_final\ensemble_A_solution\wikipedia_clair_2\en_wikipedia_org_wiki_Walking;92.277771;30.402145;2 
C:\Users\Bettyna\Documents\ESIEA_4A\S2\securite_virologie\projet_final\ensemble_A_solution\wikipedia_clair_2\es_wikipedia_org_wiki_Atletismo;94.455917;34.389935;15 
C:\Users\Bettyna\Documents\ESIEA_4A\S2\securite_virologie\projet_final\ensemble_A_solution\wikipedia_clair_2\es_wikipedia_org_wiki_Baloncesto;94.379715;34.544064;15 
C:\Users\Bettyna\Documents\ESIEA_4A\S2\securite_virologie\projet_final\ensemble_A_solution\wikipedia_clair_2\es_wikipedia_org_wiki_Bal_C3_B3n_prisionero;94.672607;34.553600;15 
C:\Users\Bettyna\Documents\ESIEA_4A\S2\securite_virologie\projet_final\ensemble_A_solution\wikipedia_clair_2\es_wikipedia_org_wiki_Bandy;97.218643;36.499485;11 
C:\Users\Bettyna\Documents\ESIEA_4A\S2\securite_virologie\projet_final\ensemble_A_solution\wikipedia_clair_2\es_wikipedia_org_wiki_Broomball;92.796280;32.302769;8 
C:\Users\Bettyna\Documents\ESIEA_4A\S2\securite_virologie\projet_final\ensemble_A_solution\wikipedia_clair_2\es_wikipedia_org_wiki_Buzkashi;93.666862;32.977982;15 
C:\Users\Bettyna\Documents\ESIEA_4A\S2\securite_virologie\projet_final\ensemble_A_solution\wikipedia_clair_2\es_wikipedia_org_wiki_B_C3_A9isbol;93.983902;34.386795;15 
C:\Users\Bettyna\Documents\ESIEA_4A\S2\securite_virologie\projet_final\ensemble_A_solution\wikipedia_clair_2\es_wikipedia_org_wiki_Calcio_florentino;93.678764;35.195202;15 
C:\Users\Bettyna\Documents\ESIEA_4A\S2\securite_virologie\projet_final\ensemble_A_solution\wikipedia_clair_2\es_wikipedia_org_wiki_Camogie;94.874634;36.032055;15 
C:\Users\Bettyna\Documents\ESIEA_4A\S2\securite_virologie\projet_final\ensemble_A_solution\wikipedia_clair_2\es_wikipedia_org_wiki_Carreras_de_media_distancia;91.069099;34.069389;5 
C:\Users\Bettyna\Documents\ESIEA_4A\S2\securite_virologie\projet_final\ensemble_A_solution\wikipedia_clair_2\es_wikipedia_org_wiki_Carreras_de_relevos;94.167015;35.707481;15 
C:\Users\Bettyna\Documents\ESIEA_4A\S2\securite_virologie\projet_final\ensemble_A_solution\wikipedia_clair_2\es_wikipedia_org_wiki_Carreras_de_vallas;93.125473;34.269920;15 
C:\Users\Bettyna\Documents\ESIEA_4A\S2\securite_virologie\projet_final\ensemble_A_solution\wikipedia_clair_2\es_wikipedia_org_wiki_Carrera_de_larga_distancia;95.089554;36.441135;11 
C:\Users\Bettyna\Documents\ESIEA_4A\S2\securite_virologie\projet_final\ensemble_A_solution\wikipedia_clair_2\es_wikipedia_org_wiki_Carrera_de_velocidad;94.091965;33.138466;15 
C:\Users\Bettyna\Documents\ESIEA_4A\S2\securite_virologie\projet_final\ensemble_A_solution\wikipedia_clair_2\es_wikipedia_org_wiki_Cr_C3_ADquet;93.052887;33.962589;15 
C:\Users\Bettyna\Documents\ESIEA_4A\S2\securite_virologie\projet_final\ensemble_A_solution\wikipedia_clair_2\es_wikipedia_org_wiki_Curling;92.127663;33.975700;15 
C:\Users\Bettyna\Documents\ESIEA_4A\S2\securite_virologie\projet_final\ensemble_A_solution\wikipedia_clair_2\es_wikipedia_org_wiki_Decatl_C3_B3n;94.475037;34.363323;15 
C:\Users\Bettyna\Documents\ESIEA_4A\S2\securite_virologie\projet_final\ensemble_A_solution\wikipedia_clair_2\es_wikipedia_org_wiki_Deporte_de_equipo;93.620308;30.846586;2 
C:\Users\Bettyna\Documents\ESIEA_4A\S2\securite_virologie\projet_final\ensemble_A_solution\wikipedia_clair_2\es_wikipedia_org_wiki_F_C3_BAtbol_playa;94.788071;34.538956;15 
C:\Users\Bettyna\Documents\ESIEA_4A\S2\securite_virologie\projet_final\ensemble_A_solution\wikipedia_clair_2\es_wikipedia_org_wiki_Heptatl_C3_B3n;93.224487;35.448238;15 
C:\Users\Bettyna\Documents\ESIEA_4A\S2\securite_virologie\projet_final\ensemble_A_solution\wikipedia_clair_2\es_wikipedia_org_wiki_Lacrosse;93.597031;33.532139;15 
C:\Users\Bettyna\Documents\ESIEA_4A\S2\securite_virologie\projet_final\ensemble_A_solution\wikipedia_clair_2\es_wikipedia_org_wiki_Lanzamiento_de_bala;91.471802;35.344597;5 
C:\Users\Bettyna\Documents\ESIEA_4A\S2\securite_virologie\projet_final\ensemble_A_solution\wikipedia_clair_2\es_wikipedia_org_wiki_Lanzamiento_de_disco;92.920708;35.744267;15 
C:\Users\Bettyna\Documents\ESIEA_4A\S2\securite_virologie\projet_final\ensemble_A_solution\wikipedia_clair_2\es_wikipedia_org_wiki_Lanzamiento_de_jabalina;93.977142;34.000637;15 
C:\Users\Bettyna\Documents\ESIEA_4A\S2\securite_virologie\projet_final\ensemble_A_solution\wikipedia_clair_2\es_wikipedia_org_wiki_Lanzamiento_de_martillo;93.709091;37.760056;11 
C:\Users\Bettyna\Documents\ESIEA_4A\S2\securite_virologie\projet_final\ensemble_A_solution\wikipedia_clair_2\es_wikipedia_org_wiki_Marat_C3_B3n;95.151573;35.961445;11 
C:\Users\Bettyna\Documents\ESIEA_4A\S2\securite_virologie\projet_final\ensemble_A_solution\wikipedia_clair_2\es_wikipedia_org_wiki_Salto_con_p_C3_A9rtiga;93.334076;36.218433;15 
C:\Users\Bettyna\Documents\ESIEA_4A\S2\securite_virologie\projet_final\ensemble_A_solution\wikipedia_clair_2\es_wikipedia_org_wiki_Salto_de_altura;92.601692;34.613052;15 
C:\Users\Bettyna\Documents\ESIEA_4A\S2\securite_virologie\projet_final\ensemble_A_solution\wikipedia_clair_2\es_wikipedia_org_wiki_Salto_de_longitud;93.645676;34.386036;15 
C:\Users\Bettyna\Documents\ESIEA_4A\S2\securite_virologie\projet_final\ensemble_A_solution\wikipedia_clair_2\es_wikipedia_org_wiki_Tamburello__deporte_;93.685921;34.080593;15 
C:\Users\Bettyna\Documents\ESIEA_4A\S2\securite_virologie\projet_final\ensemble_A_solution\wikipedia_clair_2\es_wikipedia_org_wiki_Triple_salto;92.208305;35.004791;15 
C:\Users\Bettyna\Documents\ESIEA_4A\S2\securite_virologie\projet_final\ensemble_A_solution\wikipedia_clair_2\es_wikipedia_org_wiki_Voleibol_de_playa;94.508194;33.789463;15 
C:\Users\Bettyna\Documents\ESIEA_4A\S2\securite_virologie\projet_final\ensemble_A_solution\wikipedia_clair_2\fa_text_1;168.412598;58.848507;7 
C:\Users\Bettyna\Documents\ESIEA_4A\S2\securite_virologie\projet_final\ensemble_A_solution\wikipedia_clair_2\fa_text_10;168.541077;59.204266;7 
C:\Users\Bettyna\Documents\ESIEA_4A\S2\securite_virologie\projet_final\ensemble_A_solution\wikipedia_clair_2\fa_text_2;168.356857;59.181599;7 
C:\Users\Bettyna\Documents\ESIEA_4A\S2\securite_virologie\projet_final\ensemble_A_solution\wikipedia_clair_2\fa_text_3;168.299438;59.419643;7 
C:\Users\Bettyna\Documents\ESIEA_4A\S2\securite_virologie\projet_final\ensemble_A_solution\wikipedia_clair_2\fa_text_4;166.845963;60.855618;7 
C:\Users\Bettyna\Documents\ESIEA_4A\S2\securite_virologie\projet_final\ensemble_A_solution\wikipedia_clair_2\fa_text_5;168.602371;58.974083;7 
C:\Users\Bettyna\Documents\ESIEA_4A\S2\securite_virologie\projet_final\ensemble_A_solution\wikipedia_clair_2\fa_text_6;168.412659;59.260662;7 
C:\Users\Bettyna\Documents\ESIEA_4A\S2\securite_virologie\projet_final\ensemble_A_solution\wikipedia_clair_2\fa_text_7;168.013626;59.702724;7 
C:\Users\Bettyna\Documents\ESIEA_4A\S2\securite_virologie\projet_final\ensemble_A_solution\wikipedia_clair_2\fa_text_8;168.228638;59.618073;7 
C:\Users\Bettyna\Documents\ESIEA_4A\S2\securite_virologie\projet_final\ensemble_A_solution\wikipedia_clair_2\fa_text_9;168.975952;59.005089;7 
C:\Users\Bettyna\Documents\ESIEA_4A\S2\securite_virologie\projet_final\ensemble_A_solution\wikipedia_clair_2\fr_wikipedia_org_wiki_Stunt;98.712448;38.088467;11 
C:\Users\Bettyna\Documents\ESIEA_4A\S2\securite_virologie\projet_final\ensemble_A_solution\wikipedia_clair_2\fr_wikipedia_org_wiki_Sumo;98.835770;39.900860;11 
C:\Users\Bettyna\Documents\ESIEA_4A\S2\securite_virologie\projet_final\ensemble_A_solution\wikipedia_clair_2\fr_wikipedia_org_wiki_Supermotard;97.733887;38.499886;11 
C:\Users\Bettyna\Documents\ESIEA_4A\S2\securite_virologie\projet_final\ensemble_A_solution\wikipedia_clair_2\fr_wikipedia_org_wiki_Surf;96.406807;36.472122;11 
C:\Users\Bettyna\Documents\ESIEA_4A\S2\securite_virologie\projet_final\ensemble_A_solution\wikipedia_clair_2\fr_wikipedia_org_wiki_Tai_chi_chuan;98.611031;38.985394;11 
C:\Users\Bettyna\Documents\ESIEA_4A\S2\securite_virologie\projet_final\ensemble_A_solution\wikipedia_clair_2\fr_wikipedia_org_wiki_Tchoukball;97.694069;37.200809;11 
C:\Users\Bettyna\Documents\ESIEA_4A\S2\securite_virologie\projet_final\ensemble_A_solution\wikipedia_clair_2\fr_wikipedia_org_wiki_T_C3_A9l_C3_A9mark;98.124725;38.782162;11 
C:\Users\Bettyna\Documents\ESIEA_4A\S2\securite_virologie\projet_final\ensemble_A_solution\wikipedia_clair_2\it_wikipedia_org_wiki_Mezzofondo;91.868179;31.873234;6 
C:\Users\Bettyna\Documents\ESIEA_4A\S2\securite_virologie\projet_final\ensemble_A_solution\wikipedia_clair_2\it_wikipedia_org_wiki_Ostacoli__atletica_leggera_;94.071632;31.143398;8 
C:\Users\Bettyna\Documents\ESIEA_4A\S2\securite_virologie\projet_final\ensemble_A_solution\wikipedia_clair_2\it_wikipedia_org_wiki_Pallacanestro;93.775391;32.178810;8 
C:\Users\Bettyna\Documents\ESIEA_4A\S2\securite_virologie\projet_final\ensemble_A_solution\wikipedia_clair_2\it_wikipedia_org_wiki_Palla_prigioniera;93.857826;32.250553;8 
C:\Users\Bettyna\Documents\ESIEA_4A\S2\securite_virologie\projet_final\ensemble_A_solution\wikipedia_clair_2\it_wikipedia_org_wiki_Pallone_a_pugno;92.734306;32.757832;8 
C:\Users\Bettyna\Documents\ESIEA_4A\S2\securite_virologie\projet_final\ensemble_A_solution\wikipedia_clair_2\it_wikipedia_org_wiki_Salto_con_l_27asta;93.424065;31.989832;8 
C:\Users\Bettyna\Documents\ESIEA_4A\S2\securite_virologie\projet_final\ensemble_A_solution\wikipedia_clair_2\it_wikipedia_org_wiki_Salto_in_alto;92.942070;32.698639;8 
C:\Users\Bettyna\Documents\ESIEA_4A\S2\securite_virologie\projet_final\ensemble_A_solution\wikipedia_clair_2\it_wikipedia_org_wiki_Salto_in_lungo;92.323662;32.394234;8 
C:\Users\Bettyna\Documents\ESIEA_4A\S2\securite_virologie\projet_final\ensemble_A_solution\wikipedia_clair_2\it_wikipedia_org_wiki_Salto_triplo;90.393219;33.872646;5 
C:\Users\Bettyna\Documents\ESIEA_4A\S2\securite_virologie\projet_final\ensemble_A_solution\wikipedia_clair_2\it_wikipedia_org_wiki_Sport_di_squadra;94.054077;32.581123;8 
C:\Users\Bettyna\Documents\ESIEA_4A\S2\securite_virologie\projet_final\ensemble_A_solution\wikipedia_clair_2\it_wikipedia_org_wiki_Staffetta;93.981796;31.460457;8 
C:\Users\Bettyna\Documents\ESIEA_4A\S2\securite_virologie\projet_final\ensemble_A_solution\wikipedia_clair_2\it_wikipedia_org_wiki_Tamburello__sport_;93.976097;32.319813;8 
C:\Users\Bettyna\Documents\ESIEA_4A\S2\securite_virologie\projet_final\ensemble_A_solution\wikipedia_clair_2\it_wikipedia_org_wiki_Tiro_del_giavellotto;93.240921;31.371956;8 
C:\Users\Bettyna\Documents\ESIEA_4A\S2\securite_virologie\projet_final\ensemble_A_solution\wikipedia_clair_2\it_wikipedia_org_wiki_Velocit_C3_A0__atletica_leggera_;93.842484;32.879944;15 
C:\Users\Bettyna\Documents\ESIEA_4A\S2\securite_virologie\projet_final\ensemble_A_solution\wikipedia_clair_2\ja_text_1;172.243515;45.554581;9 
C:\Users\Bettyna\Documents\ESIEA_4A\S2\securite_virologie\projet_final\ensemble_A_solution\wikipedia_clair_2\ja_text_10;173.081757;44.940372;9 
C:\Users\Bettyna\Documents\ESIEA_4A\S2\securite_virologie\projet_final\ensemble_A_solution\wikipedia_clair_2\ja_text_2;169.060745;48.407093;9 
C:\Users\Bettyna\Documents\ESIEA_4A\S2\securite_virologie\projet_final\ensemble_A_solution\wikipedia_clair_2\ja_text_3;171.275497;46.145580;9 
C:\Users\Bettyna\Documents\ESIEA_4A\S2\securite_virologie\projet_final\ensemble_A_solution\wikipedia_clair_2\ja_text_4;171.318756;45.955669;9 
C:\Users\Bettyna\Documents\ESIEA_4A\S2\securite_virologie\projet_final\ensemble_A_solution\wikipedia_clair_2\ja_text_5;172.042908;44.819118;9 
C:\Users\Bettyna\Documents\ESIEA_4A\S2\securite_virologie\projet_final\ensemble_A_solution\wikipedia_clair_2\ja_text_6;170.087906;47.671368;9 
C:\Users\Bettyna\Documents\ESIEA_4A\S2\securite_virologie\projet_final\ensemble_A_solution\wikipedia_clair_2\ja_text_7;167.230453;50.034801;14 
C:\Users\Bettyna\Documents\ESIEA_4A\S2\securite_virologie\projet_final\ensemble_A_solution\wikipedia_clair_2\ja_text_8;171.018326;45.699791;9 
C:\Users\Bettyna\Documents\ESIEA_4A\S2\securite_virologie\projet_final\ensemble_A_solution\wikipedia_clair_2\ja_text_9;169.906540;47.953697;9 
C:\Users\Bettyna\Documents\ESIEA_4A\S2\securite_virologie\projet_final\ensemble_A_solution\wikipedia_clair_2\la_wikipedia_org_wiki_Basipila;94.635445;29.919064;2 
C:\Users\Bettyna\Documents\ESIEA_4A\S2\securite_virologie\projet_final\ensemble_A_solution\wikipedia_clair_2\la_wikipedia_org_wiki_Canistriludium;93.431778;31.463959;8 
C:\Users\Bettyna\Documents\ESIEA_4A\S2\securite_virologie\projet_final\ensemble_A_solution\wikipedia_clair_2\la_wikipedia_org_wiki_Criccetius_lusus;93.689049;30.537466;2 
C:\Users\Bettyna\Documents\ESIEA_4A\S2\securite_virologie\projet_final\ensemble_A_solution\wikipedia_clair_2\la_wikipedia_org_wiki_Cursus_brevis;90.722923;33.623550;5 
C:\Users\Bettyna\Documents\ESIEA_4A\S2\securite_virologie\projet_final\ensemble_A_solution\wikipedia_clair_2\la_wikipedia_org_wiki_Cursus_impedimentorum;92.435867;30.697191;2 
C:\Users\Bettyna\Documents\ESIEA_4A\S2\securite_virologie\projet_final\ensemble_A_solution\wikipedia_clair_2\la_wikipedia_org_wiki_Cursus_Marathonius;93.466797;31.688663;8 
C:\Users\Bettyna\Documents\ESIEA_4A\S2\securite_virologie\projet_final\ensemble_A_solution\wikipedia_clair_2\la_wikipedia_org_wiki_Cursus_mediae_distantiae;90.226532;32.167671;6 
C:\Users\Bettyna\Documents\ESIEA_4A\S2\securite_virologie\projet_final\ensemble_A_solution\wikipedia_clair_2\la_wikipedia_org_wiki_Heptathlon;92.307831;31.280079;8 
C:\Users\Bettyna\Documents\ESIEA_4A\S2\securite_virologie\projet_final\ensemble_A_solution\wikipedia_clair_2\la_wikipedia_org_wiki_Iactus_disci;94.288986;29.765635;2 
C:\Users\Bettyna\Documents\ESIEA_4A\S2\securite_virologie\projet_final\ensemble_A_solution\wikipedia_clair_2\la_wikipedia_org_wiki_Iactus_globi;93.826630;30.344875;2 
C:\Users\Bettyna\Documents\ESIEA_4A\S2\securite_virologie\projet_final\ensemble_A_solution\wikipedia_clair_2\la_wikipedia_org_wiki_Iactus_mallei;93.643524;29.668989;2 
C:\Users\Bettyna\Documents\ESIEA_4A\S2\securite_virologie\projet_final\ensemble_A_solution\wikipedia_clair_2\la_wikipedia_org_wiki_Iaculatio;94.431618;31.186142;8 
C:\Users\Bettyna\Documents\ESIEA_4A\S2\securite_virologie\projet_final\ensemble_A_solution\wikipedia_clair_2\la_wikipedia_org_wiki_Ludus_gymnicus_campestris;94.621216;30.500019;2 
C:\Users\Bettyna\Documents\ESIEA_4A\S2\securite_virologie\projet_final\ensemble_A_solution\wikipedia_clair_2\la_wikipedia_org_wiki_Ludus_lacrossensis;94.217758;29.768274;2 
C:\Users\Bettyna\Documents\ESIEA_4A\S2\securite_virologie\projet_final\ensemble_A_solution\wikipedia_clair_2\la_wikipedia_org_wiki_Lusus_Scotorum;94.695259;30.749287;2 
C:\Users\Bettyna\Documents\ESIEA_4A\S2\securite_virologie\projet_final\ensemble_A_solution\wikipedia_clair_2\la_wikipedia_org_wiki_Pila_volatilis_arenosa;94.436699;31.207386;8 
C:\Users\Bettyna\Documents\ESIEA_4A\S2\securite_virologie\projet_final\ensemble_A_solution\wikipedia_clair_2\la_wikipedia_org_wiki_Pililudus_glacialis;93.903046;30.628250;2 
C:\Users\Bettyna\Documents\ESIEA_4A\S2\securite_virologie\projet_final\ensemble_A_solution\wikipedia_clair_2\la_wikipedia_org_wiki_Saltus_in_altum;94.237038;31.926058;8 
C:\Users\Bettyna\Documents\ESIEA_4A\S2\securite_virologie\projet_final\ensemble_A_solution\wikipedia_clair_2\la_wikipedia_org_wiki_Saltus_in_longitudinem;93.449020;30.730371;2 
C:\Users\Bettyna\Documents\ESIEA_4A\S2\securite_virologie\projet_final\ensemble_A_solution\wikipedia_clair_2\la_wikipedia_org_wiki_Saltus_perticarius;94.236923;29.923944;2 
C:\Users\Bettyna\Documents\ESIEA_4A\S2\securite_virologie\projet_final\ensemble_A_solution\wikipedia_clair_2\la_wikipedia_org_wiki_Saltus_triplex;93.803368;30.795092;2 
C:\Users\Bettyna\Documents\ESIEA_4A\S2\securite_virologie\projet_final\ensemble_A_solution\wikipedia_clair_2\lt_wikipedia_org_wiki_Akmenslydis;100.847061;40.386555;13 
C:\Users\Bettyna\Documents\ESIEA_4A\S2\securite_virologie\projet_final\ensemble_A_solution\wikipedia_clair_2\lt_wikipedia_org_wiki_Bandis;103.903473;41.580093;13 
C:\Users\Bettyna\Documents\ESIEA_4A\S2\securite_virologie\projet_final\ensemble_A_solution\wikipedia_clair_2\lt_wikipedia_org_wiki_Barjerinis_b_C4_97gimas;99.619614;37.741886;11 
C:\Users\Bettyna\Documents\ESIEA_4A\S2\securite_virologie\projet_final\ensemble_A_solution\wikipedia_clair_2\lt_wikipedia_org_wiki_Beisbolas;104.522758;40.828823;13 
C:\Users\Bettyna\Documents\ESIEA_4A\S2\securite_virologie\projet_final\ensemble_A_solution\wikipedia_clair_2\lt_wikipedia_org_wiki_De_C5_A1imtkov_C4_97;102.421227;39.216442;13 
C:\Users\Bettyna\Documents\ESIEA_4A\S2\securite_virologie\projet_final\ensemble_A_solution\wikipedia_clair_2\lt_wikipedia_org_wiki_Disko_metimas;99.500916;41.592930;13 
C:\Users\Bettyna\Documents\ESIEA_4A\S2\securite_virologie\projet_final\ensemble_A_solution\wikipedia_clair_2\lt_wikipedia_org_wiki_Estafet_C4_97;104.706139;39.231091;13 
C:\Users\Bettyna\Documents\ESIEA_4A\S2\securite_virologie\projet_final\ensemble_A_solution\wikipedia_clair_2\lt_wikipedia_org_wiki_Ieties_metimas;104.226364;41.575939;13 
C:\Users\Bettyna\Documents\ESIEA_4A\S2\securite_virologie\projet_final\ensemble_A_solution\wikipedia_clair_2\lt_wikipedia_org_wiki_Ilgo_nuotolio_b_C4_97gimas;103.492538;42.667233;13 
C:\Users\Bettyna\Documents\ESIEA_4A\S2\securite_virologie\projet_final\ensemble_A_solution\wikipedia_clair_2\lt_wikipedia_org_wiki_Krep_C5_A1inis;104.790283;41.761635;13 
C:\Users\Bettyna\Documents\ESIEA_4A\S2\securite_virologie\projet_final\ensemble_A_solution\wikipedia_clair_2\lt_wikipedia_org_wiki_Kriketas;101.989845;39.072906;13 
C:\Users\Bettyna\Documents\ESIEA_4A\S2\securite_virologie\projet_final\ensemble_A_solution\wikipedia_clair_2\lt_wikipedia_org_wiki_Kvadratas___C5_BEaidimas_;106.308716;41.122707;12 
C:\Users\Bettyna\Documents\ESIEA_4A\S2\securite_virologie\projet_final\ensemble_A_solution\wikipedia_clair_2\lt_wikipedia_org_wiki_K_C5_ABjo_metimas;98.403511;40.210258;11 
C:\Users\Bettyna\Documents\ESIEA_4A\S2\securite_virologie\projet_final\ensemble_A_solution\wikipedia_clair_2\lt_wikipedia_org_wiki_Lakrosas;101.453758;41.111980;13 
C:\Users\Bettyna\Documents\ESIEA_4A\S2\securite_virologie\projet_final\ensemble_A_solution\wikipedia_clair_2\lt_wikipedia_org_wiki_Lengvoji_atletika;104.355766;38.896049;13 
C:\Users\Bettyna\Documents\ESIEA_4A\S2\securite_virologie\projet_final\ensemble_A_solution\wikipedia_clair_2\lt_wikipedia_org_wiki_Papl_C5_ABdimio_futbolas;107.106422;43.686974;12 
C:\Users\Bettyna\Documents\ESIEA_4A\S2\securite_virologie\projet_final\ensemble_A_solution\wikipedia_clair_2\lt_wikipedia_org_wiki_Papl_C5_ABdimio_tinklinis;105.492050;40.545467;13 
C:\Users\Bettyna\Documents\ESIEA_4A\S2\securite_virologie\projet_final\ensemble_A_solution\wikipedia_clair_2\lt_wikipedia_org_wiki_Rutulio_st_C5_ABmimas;104.371887;43.276165;12 
C:\Users\Bettyna\Documents\ESIEA_4A\S2\securite_virologie\projet_final\ensemble_A_solution\wikipedia_clair_2\lt_wikipedia_org_wiki_Septynkov_C4_97;103.560875;41.735683;13 
C:\Users\Bettyna\Documents\ESIEA_4A\S2\securite_virologie\projet_final\ensemble_A_solution\wikipedia_clair_2\lt_wikipedia_org_wiki_Tri_C5_A1uolis;101.275429;42.360352;13 
C:\Users\Bettyna\Documents\ESIEA_4A\S2\securite_virologie\projet_final\ensemble_A_solution\wikipedia_clair_2\lt_wikipedia_org_wiki_Vidutinio_nuotolio_b_C4_97gimas;104.281525;39.212700;13 
C:\Users\Bettyna\Documents\ESIEA_4A\S2\securite_virologie\projet_final\ensemble_A_solution\wikipedia_clair_2\lt_wikipedia_org_wiki__C5_A0uolis_su_kartimi;105.253326;39.688732;13 
C:\Users\Bettyna\Documents\ESIEA_4A\S2\securite_virologie\projet_final\ensemble_A_solution\wikipedia_clair_2\lt_wikipedia_org_wiki__C5_A0uolis__C4_AF_auk_C5_A1t_C4_AF;105.092476;40.669899;13 
C:\Users\Bettyna\Documents\ESIEA_4A\S2\securite_virologie\projet_final\ensemble_A_solution\wikipedia_clair_2\lt_wikipedia_org_wiki__C5_A0uolis__C4_AF_tol_C4_AF;102.827904;41.009590;13 
C:\Users\Bettyna\Documents\ESIEA_4A\S2\securite_virologie\projet_final\ensemble_A_solution\wikipedia_clair_2\lv_wikipedia_org_wiki_Augstl_C4_93k_C5_A1ana;106.348137;44.079975;12 
C:\Users\Bettyna\Documents\ESIEA_4A\S2\securite_virologie\projet_final\ensemble_A_solution\wikipedia_clair_2\lv_wikipedia_org_wiki_Basketbols;104.694771;41.242912;13 
C:\Users\Bettyna\Documents\ESIEA_4A\S2\securite_virologie\projet_final\ensemble_A_solution\wikipedia_clair_2\lv_wikipedia_org_wiki_Beisbols;105.556473;43.357281;12 
C:\Users\Bettyna\Documents\ESIEA_4A\S2\securite_virologie\projet_final\ensemble_A_solution\wikipedia_clair_2\lv_wikipedia_org_wiki_Bendijs;105.599815;41.870609;12 
C:\Users\Bettyna\Documents\ESIEA_4A\S2\securite_virologie\projet_final\ensemble_A_solution\wikipedia_clair_2\lv_wikipedia_org_wiki_Desmitc_C4_AB_C5_86a;108.210175;42.420147;12 
C:\Users\Bettyna\Documents\ESIEA_4A\S2\securite_virologie\projet_final\ensemble_A_solution\wikipedia_clair_2\lv_wikipedia_org_wiki_Diska_me_C5_A1ana;103.043846;43.444054;13 
C:\Users\Bettyna\Documents\ESIEA_4A\S2\securite_virologie\projet_final\ensemble_A_solution\wikipedia_clair_2\lv_wikipedia_org_wiki_Komandu_sports;106.347824;41.550426;12 
C:\Users\Bettyna\Documents\ESIEA_4A\S2\securite_virologie\projet_final\ensemble_A_solution\wikipedia_clair_2\lv_wikipedia_org_wiki_Krikets;104.687553;42.266186;13 
C:\Users\Bettyna\Documents\ESIEA_4A\S2\securite_virologie\projet_final\ensemble_A_solution\wikipedia_clair_2\lv_wikipedia_org_wiki_K_C4_81rtsl_C4_93k_C5_A1ana;107.480652;44.823608;12 
C:\Users\Bettyna\Documents\ESIEA_4A\S2\securite_virologie\projet_final\ensemble_A_solution\wikipedia_clair_2\lv_wikipedia_org_wiki_K_C4_93rlings;105.111847;42.552639;12 
C:\Users\Bettyna\Documents\ESIEA_4A\S2\securite_virologie\projet_final\ensemble_A_solution\wikipedia_clair_2\lv_wikipedia_org_wiki_Lakross;101.693771;43.052631;13 
C:\Users\Bettyna\Documents\ESIEA_4A\S2\securite_virologie\projet_final\ensemble_A_solution\wikipedia_clair_2\lv_wikipedia_org_wiki_Lodes_gr_C5_AB_C5_A1ana;105.257851;45.741032;12 
C:\Users\Bettyna\Documents\ESIEA_4A\S2\securite_virologie\projet_final\ensemble_A_solution\wikipedia_clair_2\lv_wikipedia_org_wiki_Maratons;103.594231;43.645107;12 
C:\Users\Bettyna\Documents\ESIEA_4A\S2\securite_virologie\projet_final\ensemble_A_solution\wikipedia_clair_2\lv_wikipedia_org_wiki_Pludmales_futbols;105.315155;41.028934;13 
C:\Users\Bettyna\Documents\ESIEA_4A\S2\securite_virologie\projet_final\ensemble_A_solution\wikipedia_clair_2\lv_wikipedia_org_wiki_Pludmales_volejbols;104.734650;41.940945;13 
C:\Users\Bettyna\Documents\ESIEA_4A\S2\securite_virologie\projet_final\ensemble_A_solution\wikipedia_clair_2\lv_wikipedia_org_wiki_Septi_C5_86c_C4_AB_C5_86a;107.310844;44.171036;12 
C:\Users\Bettyna\Documents\ESIEA_4A\S2\securite_virologie\projet_final\ensemble_A_solution\wikipedia_clair_2\lv_wikipedia_org_wiki_Tr_C4_ABsso_C4_BCl_C4_93k_C5_A1ana;107.131233;44.890327;12 
C:\Users\Bettyna\Documents\ESIEA_4A\S2\securite_virologie\projet_final\ensemble_A_solution\wikipedia_clair_2\lv_wikipedia_org_wiki_T_C4_81ll_C4_93k_C5_A1ana;107.867004;45.154793;12 
C:\Users\Bettyna\Documents\ESIEA_4A\S2\securite_virologie\projet_final\ensemble_A_solution\wikipedia_clair_2\lv_wikipedia_org_wiki_Vesera_me_C5_A1ana;104.346298;42.450527;13 
C:\Users\Bettyna\Documents\ESIEA_4A\S2\securite_virologie\projet_final\ensemble_A_solution\wikipedia_clair_2\lv_wikipedia_org_wiki_Vieglatl_C4_93tika;105.152893;41.747585;13 
C:\Users\Bettyna\Documents\ESIEA_4A\S2\securite_virologie\projet_final\ensemble_A_solution\wikipedia_clair_2\ms_wikipedia_org_wiki_Besbol;93.296951;28.164423;1 
C:\Users\Bettyna\Documents\ESIEA_4A\S2\securite_virologie\projet_final\ensemble_A_solution\wikipedia_clair_2\ms_wikipedia_org_wiki_Bola_keranjang;93.515060;27.731194;1 
C:\Users\Bettyna\Documents\ESIEA_4A\S2\securite_virologie\projet_final\ensemble_A_solution\wikipedia_clair_2\ms_wikipedia_org_wiki_Buzkashi;93.991959;29.110571;2 
C:\Users\Bettyna\Documents\ESIEA_4A\S2\securite_virologie\projet_final\ensemble_A_solution\wikipedia_clair_2\ms_wikipedia_org_wiki_Dodgeball;93.855118;27.375080;10 
C:\Users\Bettyna\Documents\ESIEA_4A\S2\securite_virologie\projet_final\ensemble_A_solution\wikipedia_clair_2\ms_wikipedia_org_wiki_Kriket;92.800003;29.137249;2 
C:\Users\Bettyna\Documents\ESIEA_4A\S2\securite_virologie\projet_final\ensemble_A_solution\wikipedia_clair_2\ms_wikipedia_org_wiki_Lari_pecut;92.570000;30.269264;2 
C:\Users\Bettyna\Documents\ESIEA_4A\S2\securite_virologie\projet_final\ensemble_A_solution\wikipedia_clair_2\ms_wikipedia_org_wiki_Lempar_cakera;93.318718;27.925262;1 
C:\Users\Bettyna\Documents\ESIEA_4A\S2\securite_virologie\projet_final\ensemble_A_solution\wikipedia_clair_2\ms_wikipedia_org_wiki_Lompat_jauh;92.925888;28.202953;1 
C:\Users\Bettyna\Documents\ESIEA_4A\S2\securite_virologie\projet_final\ensemble_A_solution\wikipedia_clair_2\ms_wikipedia_org_wiki_Lompat_kijang;92.622375;28.186546;1 
C:\Users\Bettyna\Documents\ESIEA_4A\S2\securite_virologie\projet_final\ensemble_A_solution\wikipedia_clair_2\ms_wikipedia_org_wiki_Lompat_tinggi;93.507072;28.276834;1 
C:\Users\Bettyna\Documents\ESIEA_4A\S2\securite_virologie\projet_final\ensemble_A_solution\wikipedia_clair_2\ru_text1;171.263580;53.638447;14 
C:\Users\Bettyna\Documents\ESIEA_4A\S2\securite_virologie\projet_final\ensemble_A_solution\wikipedia_clair_2\ru_text_10;170.943863;54.670551;14 
C:\Users\Bettyna\Documents\ESIEA_4A\S2\securite_virologie\projet_final\ensemble_A_solution\wikipedia_clair_2\ru_text_2;171.140579;53.227280;14 
C:\Users\Bettyna\Documents\ESIEA_4A\S2\securite_virologie\projet_final\ensemble_A_solution\wikipedia_clair_2\ru_text_3;167.822891;56.801521;7 
C:\Users\Bettyna\Documents\ESIEA_4A\S2\securite_virologie\projet_final\ensemble_A_solution\wikipedia_clair_2\ru_text_4;173.857178;51.372307;14 
C:\Users\Bettyna\Documents\ESIEA_4A\S2\securite_virologie\projet_final\ensemble_A_solution\wikipedia_clair_2\ru_text_5;164.383209;58.642216;7 
C:\Users\Bettyna\Documents\ESIEA_4A\S2\securite_virologie\projet_final\ensemble_A_solution\wikipedia_clair_2\ru_text_6;171.891937;52.962181;14 
C:\Users\Bettyna\Documents\ESIEA_4A\S2\securite_virologie\projet_final\ensemble_A_solution\wikipedia_clair_2\ru_text_7;172.543243;53.201862;14 
C:\Users\Bettyna\Documents\ESIEA_4A\S2\securite_virologie\projet_final\ensemble_A_solution\wikipedia_clair_2\ru_text_8;169.285553;55.688625;7 
C:\Users\Bettyna\Documents\ESIEA_4A\S2\securite_virologie\projet_final\ensemble_A_solution\wikipedia_clair_2\ru_text_9;168.148834;57.102852;7 
C:\Users\Bettyna\Documents\ESIEA_4A\S2\securite_virologie\projet_final\ensemble_A_solution\wikipedia_clair_2\sv_text_1;96.878906;38.900169;11 
C:\Users\Bettyna\Documents\ESIEA_4A\S2\securite_virologie\projet_final\ensemble_A_solution\wikipedia_clair_2\sv_text_10;99.518761;41.002880;13 
C:\Users\Bettyna\Documents\ESIEA_4A\S2\securite_virologie\projet_final\ensemble_A_solution\wikipedia_clair_2\sv_text_2;97.611748;37.132893;11 
C:\Users\Bettyna\Documents\ESIEA_4A\S2\securite_virologie\projet_final\ensemble_A_solution\wikipedia_clair_2\sv_text_3;96.883163;38.182381;11 
C:\Users\Bettyna\Documents\ESIEA_4A\S2\securite_virologie\projet_final\ensemble_A_solution\wikipedia_clair_2\sv_text_4;97.694023;37.135021;11 
C:\Users\Bettyna\Documents\ESIEA_4A\S2\securite_virologie\projet_final\ensemble_A_solution\wikipedia_clair_2\sv_text_5;98.200439;36.325775;11 
C:\Users\Bettyna\Documents\ESIEA_4A\S2\securite_virologie\projet_final\ensemble_A_solution\wikipedia_clair_2\sv_text_6;97.060852;39.219330;11 
C:\Users\Bettyna\Documents\ESIEA_4A\S2\securite_virologie\projet_final\ensemble_A_solution\wikipedia_clair_2\sv_text_7;100.222427;40.468998;13 
C:\Users\Bettyna\Documents\ESIEA_4A\S2\securite_virologie\projet_final\ensemble_A_solution\wikipedia_clair_2\sv_text_8;99.376869;39.195278;11 
C:\Users\Bettyna\Documents\ESIEA_4A\S2\securite_virologie\projet_final\ensemble_A_solution\wikipedia_clair_2\sv_text_9;98.752495;39.223560;11 
C:\Users\Bettyna\Documents\ESIEA_4A\S2\securite_virologie\projet_final\ensemble_A_solution\wikipedia_clair_2\tr_text_1;105.793907;45.542973;12 
C:\Users\Bettyna\Documents\ESIEA_4A\S2\securite_virologie\projet_final\ensemble_A_solution\wikipedia_clair_2\tr_text_10;107.403946;46.368748;12 
C:\Users\Bettyna\Documents\ESIEA_4A\S2\securite_virologie\projet_final\ensemble_A_solution\wikipedia_clair_2\tr_text_2;107.262474;44.511707;12 
C:\Users\Bettyna\Documents\ESIEA_4A\S2\securite_virologie\projet_final\ensemble_A_solution\wikipedia_clair_2\tr_text_3;105.955292;45.662689;12 
C:\Users\Bettyna\Documents\ESIEA_4A\S2\securite_virologie\projet_final\ensemble_A_solution\wikipedia_clair_2\tr_text_4;105.536125;45.155281;12 
C:\Users\Bettyna\Documents\ESIEA_4A\S2\securite_virologie\projet_final\ensemble_A_solution\wikipedia_clair_2\tr_text_5;107.139343;44.416626;12 
C:\Users\Bettyna\Documents\ESIEA_4A\S2\securite_virologie\projet_final\ensemble_A_solution\wikipedia_clair_2\tr_text_6;108.016518;44.639427;12 
C:\Users\Bettyna\Documents\ESIEA_4A\S2\securite_virologie\projet_final\ensemble_A_solution\wikipedia_clair_2\tr_text_7;109.016823;46.719364;12 
C:\Users\Bettyna\Documents\ESIEA_4A\S2\securite_virologie\projet_final\ensemble_A_solution\wikipedia_clair_2\tr_text_8;109.080276;46.009861;12 
C:\Users\Bettyna\Documents\ESIEA_4A\S2\securite_virologie\projet_final\ensemble_A_solution\wikipedia_clair_2\tr_text_9;110.237862;47.635387;0 
